index	name	Abeta+nvoxels	Abeta+stain	Abeta+count	Abeta+fieldfrac	Abeta+volume	Abeta+density	Iba1+nvoxels	Iba1+stain	Iba1+count	Iba1+fieldfrac	Iba1+volume	Iba1+density	coloc+object_id_a	coloc+object_id_b	coloc+stain_a	coloc+stain_b	coloc+radius_a	coloc+radius_b	coloc+nvoxels_a	coloc+nvoxels_b	coloc+distance	coloc+overlapratio	coloc+count	coloc+volume	coloc+density	participant_id	batch_id	bag_id	participant_label	sex	treatment	age	genotype	antibodies	has_mri	notes	QC_notes
0	Unknown_Label_0	12707398.0	Abeta	100.0	0.0			13584284.0	Iba1	72.0	0.0			Abeta_0	Iba1_182	Abeta	Iba1	0.1128615569821398	0.118015051118461	1535926.6279069767	1794491.720930233	0.0547376680387707	0.7575211098873296	43.0			sub-AS7F1	2	k	AS7F1	F			WT	647 IBA1, Se tau Gp- 561 A-beta red X Rb, 488 CD31 goat	Y		
1	L_Isocortex	5018792.0	Abeta	5.0	26.61674271035302	65.87901235830884	0.0758967055062322	6340755.0	Iba1	2.0	30.98583246887217	65.87901235830884	0.0303586822024928	0	0	0	0	0.0	0.0	0.0	0.0	0.0	0.0	0.0	65.87901235830884	0.0	sub-AS7F1	2	k	AS7F1	F			WT	647 IBA1, Se tau Gp- 561 A-beta red X Rb, 488 CD31 goat	Y		
2	R_Isocortex	4645960.0	Abeta	7.0	24.46740134636915	66.14171137572559	0.1058333667878004	5653195.0	Iba1	6.0	29.510782753350814	66.14171137572559	0.0907143143895432	0	0	0	0	0.0	0.0	0.0	0.0	0.0	0.0	0.0	66.14171137572559	0.0	sub-AS7F1	2	k	AS7F1	F			WT	647 IBA1, Se tau Gp- 561 A-beta red X Rb, 488 CD31 goat	Y		
3	L_Olfactory areas	4103434.0	Abeta	5.0	31.56136438276649	24.92423554303784	0.2006079581203711	2391375.0	Iba1	3.0	33.83925120865189	24.92423554303784	0.1203647748722226	0	0	0	0	0.0	0.0	0.0	0.0	0.0	0.0	0.0	24.92423554303784	0.0	sub-AS7F1	2	k	AS7F1	F			WT	647 IBA1, Se tau Gp- 561 A-beta red X Rb, 488 CD31 goat	Y		
4	R_Olfactory areas	3718641.0	Abeta	20.0	31.210808005700653	24.57720633379818	0.813762139128739	3960348.0	Iba1	9.0	32.064395699724265	24.57720633379818	0.3661929626079325	0	0	0	0	0.0	0.0	0.0	0.0	0.0	0.0	0.0	24.57720633379818	0.0	sub-AS7F1	2	k	AS7F1	F			WT	647 IBA1, Se tau Gp- 561 A-beta red X Rb, 488 CD31 goat	Y		
5	L_Hippocampal formation	8886153.0	Abeta	2.0	29.74770840611536	22.88565309556252	0.0873909952077267	10168279.0	Iba1	2.0	32.157433747567	22.88565309556252	0.0873909952077267	0	0	0	0	0.0	0.0	0.0	0.0	0.0	0.0	0.0	22.88565309556252	0.0	sub-AS7F1	2	k	AS7F1	F			WT	647 IBA1, Se tau Gp- 561 A-beta red X Rb, 488 CD31 goat	Y		
6	R_Hippocampal formation	4560184.0	Abeta	2.0	30.029454357813435	22.87232778308485	0.0874419087977172	5255999.0	Iba1	2.0	31.040240695119515	22.87232778308485	0.0874419087977172	0	0	0	0	0.0	0.0	0.0	0.0	0.0	0.0	0.0	22.87232778308485	0.0	sub-AS7F1	2	k	AS7F1	F			WT	647 IBA1, Se tau Gp- 561 A-beta red X Rb, 488 CD31 goat	Y		
7	L_Cortical subplate	1867658.0	Abeta	1.0	22.38750898490536	4.767035358079856	0.2097739842237705	2105798.0	Iba1	1.0	30.14986822138807	4.767035358079856	0.2097739842237705	0	0	0	0	0.0	0.0	0.0	0.0	0.0	0.0	0.0	4.767035358079856	0.0	sub-AS7F1	2	k	AS7F1	F			WT	647 IBA1, Se tau Gp- 561 A-beta red X Rb, 488 CD31 goat	Y		
8	R_Cortical subplate	0.0	0	0.0	21.78180730101736	4.7714136750368015	0.0	0.0	0	0.0	30.67903451027329	4.7714136750368015	0.0	0	0	0	0	0.0	0.0	0.0	0.0	0.0	0.0	0.0	4.7714136750368015	0.0	sub-AS7F1	2	k	AS7F1	F			WT	647 IBA1, Se tau Gp- 561 A-beta red X Rb, 488 CD31 goat	Y		
9	L_Striatum	3912455.0	Abeta	7.0	25.063614195411823	24.12205173188264	0.2901909040659235	6414748.0	Iba1	3.0	31.80407522274044	24.12205173188264	0.1243675303139672	0	0	0	0	0.0	0.0	0.0	0.0	0.0	0.0	0.0	24.12205173188264	0.0	sub-AS7F1	2	k	AS7F1	F			WT	647 IBA1, Se tau Gp- 561 A-beta red X Rb, 488 CD31 goat	Y		
10	R_Striatum	2753011.0	Abeta	6.0	23.473586947079124	24.104157740841213	0.2489197118816484	3271455.0	Iba1	1.0	30.321750392898604	24.10415774084121	0.0414866186469414	0	0	0	0	0.0	0.0	0.0	0.0	0.0	0.0	0.0	24.10415774084121	0.0	sub-AS7F1	2	k	AS7F1	F			WT	647 IBA1, Se tau Gp- 561 A-beta red X Rb, 488 CD31 goat	Y		
11	L_Pallidum	476.0	Abeta	2.0	32.05837709379432	4.966343960424302	0.402710729650938	0.0	0	0.0	39.16658361761662	4.966343960424302	0.0	0	0	0	0	0.0	0.0	0.0	0.0	0.0	0.0	0.0	4.966343960424302	0.0	sub-AS7F1	2	k	AS7F1	F			WT	647 IBA1, Se tau Gp- 561 A-beta red X Rb, 488 CD31 goat	Y		
12	R_Pallidum	0.0	0	0.0	29.421675467175973	5.083225987014072	0.0	0.0	0	0.0	41.51320076395911	5.083225987014072	0.0	0	0	0	0	0.0	0.0	0.0	0.0	0.0	0.0	0.0	5.083225987014072	0.0	sub-AS7F1	2	k	AS7F1	F			WT	647 IBA1, Se tau Gp- 561 A-beta red X Rb, 488 CD31 goat	Y		
13	L_Thalamus	259.0	Abeta	1.0	26.22423452309644	10.805305526528583	0.0925471285883454	0.0	0	0.0	33.7339593389944	10.805305526528583	0.0	0	0	0	0	0.0	0.0	0.0	0.0	0.0	0.0	0.0	10.805305526528583	0.0	sub-AS7F1	2	k	AS7F1	F			WT	647 IBA1, Se tau Gp- 561 A-beta red X Rb, 488 CD31 goat	Y		
14	R_Thalamus	2420.0	Abeta	5.0	25.95340763114953	10.965970722687812	0.4559559866100459	0.0	0	0.0	33.66000069437212	10.965970722687812	0.0	0	0	0	0	0.0	0.0	0.0	0.0	0.0	0.0	0.0	10.965970722687812	0.0	sub-AS7F1	2	k	AS7F1	F			WT	647 IBA1, Se tau Gp- 561 A-beta red X Rb, 488 CD31 goat	Y		
15	L_Hypothalamus	2989789.0	Abeta	2.0	28.511324961858936	8.110356258725032	0.2465982918874152	3600609.0	Iba1	1.0	34.554348081211124	8.110356258725032	0.1232991459437076	0	0	0	0	0.0	0.0	0.0	0.0	0.0	0.0	0.0	8.110356258725032	0.0	sub-AS7F1	2	k	AS7F1	F			WT	647 IBA1, Se tau Gp- 561 A-beta red X Rb, 488 CD31 goat	Y		
16	R_Hypothalamus	0.0	0	0.0	30.94101540746241	8.203823807675484	0.0	0.0	0	0.0	33.51352793762762	8.203823807675484	0.0	0	0	0	0	0.0	0.0	0.0	0.0	0.0	0.0	0.0	8.203823807675484	0.0	sub-AS7F1	2	k	AS7F1	F			WT	647 IBA1, Se tau Gp- 561 A-beta red X Rb, 488 CD31 goat	Y		
17	L_Midbrain	4590346.0	Abeta	3.0	23.488019502908926	19.599440676964456	0.153065592505706	5555698.0	Iba1	1.0	30.42438252119776	19.599440676964456	0.0510218641685686	0	0	0	0	0.0	0.0	0.0	0.0	0.0	0.0	0.0	19.599440676964456	0.0	sub-AS7F1	2	k	AS7F1	F			WT	647 IBA1, Se tau Gp- 561 A-beta red X Rb, 488 CD31 goat	Y		
18	R_Midbrain	0.0	0	0.0	22.570716367541035	19.85547703814237	0.0	0.0	0	0.0	30.98657769596564	19.85547703814237	0.0	0	0	0	0	0.0	0.0	0.0	0.0	0.0	0.0	0.0	19.85547703814237	0.0	sub-AS7F1	2	k	AS7F1	F			WT	647 IBA1, Se tau Gp- 561 A-beta red X Rb, 488 CD31 goat	Y		
19	L_Pons	2461964.0	Abeta	1.0	26.34311251764102	8.902450904718574	0.112328617220452	3316524.0	Iba1	1.0	32.55007911730745	8.902450904718574	0.112328617220452	0	0	0	0	0.0	0.0	0.0	0.0	0.0	0.0	0.0	8.902450904718574	0.0	sub-AS7F1	2	k	AS7F1	F			WT	647 IBA1, Se tau Gp- 561 A-beta red X Rb, 488 CD31 goat	Y		
20	R_Pons	310.0	Abeta	1.0	22.843401251268176	9.006388342044332	0.1110322986331514	0.0	0	0.0	32.062161819411564	9.006388342044332	0.0	0	0	0	0	0.0	0.0	0.0	0.0	0.0	0.0	0.0	9.006388342044332	0.0	sub-AS7F1	2	k	AS7F1	F			WT	647 IBA1, Se tau Gp- 561 A-beta red X Rb, 488 CD31 goat	Y		
21	L_Medulla	2752283.0	Abeta	3.0	25.09440455705216	16.04082079900164	0.1870228486179906	3525424.0	Iba1	2.0	31.72098736130065	16.04082079900164	0.1246818990786604	0	0	0	0	0.0	0.0	0.0	0.0	0.0	0.0	0.0	16.04082079900164	0.0	sub-AS7F1	2	k	AS7F1	F			WT	647 IBA1, Se tau Gp- 561 A-beta red X Rb, 488 CD31 goat	Y		
22	R_Medulla	859406.0	Abeta	3.0	22.78337959955112	16.115061825662895	0.186161246692989	1053803.0	Iba1	1.0	30.809142992144587	16.115061825662895	0.062053748897663	0	0	0	0	0.0	0.0	0.0	0.0	0.0	0.0	0.0	16.115061825662895	0.0	sub-AS7F1	2	k	AS7F1	F			WT	647 IBA1, Se tau Gp- 561 A-beta red X Rb, 488 CD31 goat	Y		
23	L_Cerebellum	1897.0	Abeta	5.0	26.32738987213087	28.83654728647916	0.1733910773133506	1058462.0	Iba1	2.0	29.32196352065908	28.83654728647915	0.0693564309253402	0	0	0	0	0.0	0.0	0.0	0.0	0.0	0.0	0.0	28.83654728647915	0.0	sub-AS7F1	2	k	AS7F1	F			WT	647 IBA1, Se tau Gp- 561 A-beta red X Rb, 488 CD31 goat	Y		
24	R_Cerebellum	2135530.0	Abeta	1.0	25.539508751710727	29.070692062872336	0.0343989058752801	2118320.0	Iba1	1.0	28.968352399599247	29.070692062872336	0.0343989058752801	0	0	0	0	0.0	0.0	0.0	0.0	0.0	0.0	0.0	29.070692062872336	0.0	sub-AS7F1	2	k	AS7F1	F			WT	647 IBA1, Se tau Gp- 561 A-beta red X Rb, 488 CD31 goat	Y		
0	Unknown_Label_0	2295043.0	Abeta	511.0	0.0			17720308.0	Iba1	70.0	0.0			Abeta_5500	Iba1_6382	Abeta	Iba1	0.0075883314613606	0.0080583265380252	229.0	274.0	0.0041178090807166	0.7374822369859033	2.0			sub-AS7F2	2	f	AS7F2	F	Lecanemab	14.0	App-NLGF	647 IBA1, Se tau Gp- 561 A-beta red X Rb, 488 CD31 goat	Y		
1	L_Isocortex	1313041.0	Abeta	1207.0	7.923926359869915	68.39982875612817	17.646243008932398	6434310.0	Iba1	3.0	28.98179322403885	68.39982875612817	0.0438597589285809	0	0	0	0	0.0	0.0	0.0	0.0	0.0	0.0	0.0	68.39982875612817	0.0	sub-AS7F2	2	f	AS7F2	F	Lecanemab	14.0	App-NLGF	647 IBA1, Se tau Gp- 561 A-beta red X Rb, 488 CD31 goat	Y		
2	R_Isocortex	1149702.0	Abeta	1061.0	8.234607212748113	68.12329806340226	15.574701022439177	5014623.0	Iba1	6.0	30.04219178082192	68.12329806340226	0.0880755948488549	0	0	0	0	0.0	0.0	0.0	0.0	0.0	0.0	0.0	68.12329806340226	0.0	sub-AS7F2	2	f	AS7F2	F	Lecanemab	14.0	App-NLGF	647 IBA1, Se tau Gp- 561 A-beta red X Rb, 488 CD31 goat	Y		
3	L_Olfactory areas	1241599.0	Abeta	320.0	8.443512466445075	25.611655708315347	12.494311326233603	6456664.0	Iba1	7.0	32.455491853867834	25.611655708315347	0.2733130602613601	0	0	0	0	0.0	0.0	0.0	0.0	0.0	0.0	0.0	25.611655708315347	0.0	sub-AS7F2	2	f	AS7F2	F	Lecanemab	14.0	App-NLGF	647 IBA1, Se tau Gp- 561 A-beta red X Rb, 488 CD31 goat	Y		
4	R_Olfactory areas	460077.0	Abeta	324.0	8.740283967250493	25.72687683028448	12.593833372677492	2619577.0	Iba1	5.0	32.186074056526955	25.726876830284475	0.1943492804425539	0	0	0	0	0.0	0.0	0.0	0.0	0.0	0.0	0.0	25.72687683028448	0.0	sub-AS7F2	2	f	AS7F2	F	Lecanemab	14.0	App-NLGF	647 IBA1, Se tau Gp- 561 A-beta red X Rb, 488 CD31 goat	Y		
5	L_Hippocampal formation	571075.0	Abeta	282.0	6.525332774680117	23.636137198917325	11.93088352917994	11338141.0	Iba1	3.0	30.55654752312502	23.636137198917325	0.1269242928636164	0	0	0	0	0.0	0.0	0.0	0.0	0.0	0.0	0.0	23.636137198917325	0.0	sub-AS7F2	2	f	AS7F2	F	Lecanemab	14.0	App-NLGF	647 IBA1, Se tau Gp- 561 A-beta red X Rb, 488 CD31 goat	Y		
6	R_Hippocampal formation	264207.0	Abeta	315.0	5.782490742231524	23.65746739009177	13.315034733258402	301737.0	Iba1	1.0	31.593109000161004	23.65746739009177	0.0422699515341536	0	0	0	0	0.0	0.0	0.0	0.0	0.0	0.0	0.0	23.65746739009177	0.0	sub-AS7F2	2	f	AS7F2	F	Lecanemab	14.0	App-NLGF	647 IBA1, Se tau Gp- 561 A-beta red X Rb, 488 CD31 goat	Y		
7	L_Cortical subplate	52534.0	Abeta	115.0	6.809580792094495	4.933749397904665	23.30884500312072	2114540.0	Iba1	1.0	28.436462595537712	4.933749397904665	0.2026856087227888	0	0	0	0	0.0	0.0	0.0	0.0	0.0	0.0	0.0	4.933749397904665	0.0	sub-AS7F2	2	f	AS7F2	F	Lecanemab	14.0	App-NLGF	647 IBA1, Se tau Gp- 561 A-beta red X Rb, 488 CD31 goat	Y		
8	R_Cortical subplate	35885.0	Abeta	96.0	6.30015858894519	4.9236556467238985	19.49770798123879	0.0	0	0.0	28.579507213863	4.9236556467238985	0.0	0	0	0	0	0.0	0.0	0.0	0.0	0.0	0.0	0.0	4.9236556467238985	0.0	sub-AS7F2	2	f	AS7F2	F	Lecanemab	14.0	App-NLGF	647 IBA1, Se tau Gp- 561 A-beta red X Rb, 488 CD31 goat	Y		
9	L_Striatum	189711.0	Abeta	301.0	5.037057224892137	24.80739323215726	12.133479611627251	3999825.0	Iba1	2.0	32.524758556096366	24.80739323215726	0.0806211269875565	0	0	0	0	0.0	0.0	0.0	0.0	0.0	0.0	0.0	24.80739323215726	0.0	sub-AS7F2	2	f	AS7F2	F	Lecanemab	14.0	App-NLGF	647 IBA1, Se tau Gp- 561 A-beta red X Rb, 488 CD31 goat	Y		
10	R_Striatum	203789.0	Abeta	265.0	4.026952341585144	24.879763523642	10.651226638395643	3205675.0	Iba1	1.0	33.05339181555137	24.879763523642	0.0401933080694175	0	0	0	0	0.0	0.0	0.0	0.0	0.0	0.0	0.0	24.879763523642	0.0	sub-AS7F2	2	f	AS7F2	F	Lecanemab	14.0	App-NLGF	647 IBA1, Se tau Gp- 561 A-beta red X Rb, 488 CD31 goat	Y		
11	L_Pallidum	151873.0	Abeta	66.0	5.50027659966808	5.164001193707443	12.780787130805438	0.0	0	0.0	32.531735201917755	5.164001193707443	0.0	0	0	0	0	0.0	0.0	0.0	0.0	0.0	0.0	0.0	5.164001193707443	0.0	sub-AS7F2	2	f	AS7F2	F	Lecanemab	14.0	App-NLGF	647 IBA1, Se tau Gp- 561 A-beta red X Rb, 488 CD31 goat	Y		
12	R_Pallidum	44094.0	Abeta	70.0	4.445260250072695	5.239609103495451	13.359775246077335	0.0	0	0.0	31.73709653969177	5.239609103495451	0.0	0	0	0	0	0.0	0.0	0.0	0.0	0.0	0.0	0.0	5.239609103495451	0.0	sub-AS7F2	2	f	AS7F2	F	Lecanemab	14.0	App-NLGF	647 IBA1, Se tau Gp- 561 A-beta red X Rb, 488 CD31 goat	Y		
13	L_Thalamus	26775.0	Abeta	61.0	2.5616968993703177	11.160451187624924	5.465728846844365	758.0	Iba1	3.0	30.65956212351325	11.160451187624924	0.2688063367300507	0	0	0	0	0.0	0.0	0.0	0.0	0.0	0.0	0.0	11.160451187624924	0.0	sub-AS7F2	2	f	AS7F2	F	Lecanemab	14.0	App-NLGF	647 IBA1, Se tau Gp- 561 A-beta red X Rb, 488 CD31 goat	Y		
14	R_Thalamus	20529.0	Abeta	52.0	2.462766404817575	11.321951206517197	4.59284791565499	295.0	Iba1	1.0	31.78388198287608	11.321951206517197	0.0883239983779805	0	0	0	0	0.0	0.0	0.0	0.0	0.0	0.0	0.0	11.321951206517197	0.0	sub-AS7F2	2	f	AS7F2	F	Lecanemab	14.0	App-NLGF	647 IBA1, Se tau Gp- 561 A-beta red X Rb, 488 CD31 goat	Y		
15	L_Hypothalamus	66104.0	Abeta	83.0	3.929428850212168	8.392858882739933	9.889359652012145	3783680.0	Iba1	1.0	32.992284826068214	8.392858882739933	0.1191489114700258	0	0	0	0	0.0	0.0	0.0	0.0	0.0	0.0	0.0	8.392858882739933	0.0	sub-AS7F2	2	f	AS7F2	F	Lecanemab	14.0	App-NLGF	647 IBA1, Se tau Gp- 561 A-beta red X Rb, 488 CD31 goat	Y		
16	R_Hypothalamus	92316.0	Abeta	80.0	3.891839116577637	8.485226228450724	9.428151689316456	0.0	0	0.0	32.49326659783633	8.485226228450724	0.0	0	0	0	0	0.0	0.0	0.0	0.0	0.0	0.0	0.0	8.485226228450724	0.0	sub-AS7F2	2	f	AS7F2	F	Lecanemab	14.0	App-NLGF	647 IBA1, Se tau Gp- 561 A-beta red X Rb, 488 CD31 goat	Y		
17	L_Midbrain	413773.0	Abeta	186.0	4.367978958085865	20.20159552355977	9.20719354979069	5597795.0	Iba1	2.0	30.75913984576805	20.20159552355977	0.099002081180545	0	0	0	0	0.0	0.0	0.0	0.0	0.0	0.0	0.0	20.20159552355977	0.0	sub-AS7F2	2	f	AS7F2	F	Lecanemab	14.0	App-NLGF	647 IBA1, Se tau Gp- 561 A-beta red X Rb, 488 CD31 goat	Y		
18	R_Midbrain	94662.0	Abeta	183.0	4.048381860512573	20.532023038628274	8.91290642211485	535.0	Iba1	2.0	30.855160515355863	20.532023038628274	0.0974088133564464	0	0	0	0	0.0	0.0	0.0	0.0	0.0	0.0	0.0	20.532023038628274	0.0	sub-AS7F2	2	f	AS7F2	F	Lecanemab	14.0	App-NLGF	647 IBA1, Se tau Gp- 561 A-beta red X Rb, 488 CD31 goat	Y		
19	L_Pons	37201.0	Abeta	66.0	2.274419183022113	9.189312985343088	7.182256182292376	2644884.0	Iba1	1.0	27.96190752523264	9.189312985343088	0.1088220633680663	0	0	0	0	0.0	0.0	0.0	0.0	0.0	0.0	0.0	9.189312985343088	0.0	sub-AS7F2	2	f	AS7F2	F	Lecanemab	14.0	App-NLGF	647 IBA1, Se tau Gp- 561 A-beta red X Rb, 488 CD31 goat	Y		
20	R_Pons	17564.0	Abeta	47.0	1.843173733491433	9.315580099170417	5.045311134642652	388.0	Iba1	1.0	30.865743958784805	9.315580099170417	0.1073470454179287	0	0	0	0	0.0	0.0	0.0	0.0	0.0	0.0	0.0	9.315580099170417	0.0	sub-AS7F2	2	f	AS7F2	F	Lecanemab	14.0	App-NLGF	647 IBA1, Se tau Gp- 561 A-beta red X Rb, 488 CD31 goat	Y		
21	L_Medulla	164964.0	Abeta	150.0	3.458414659989516	17.075389379554327	8.784572735987298	2120846.0	Iba1	2.0	23.58295318930615	17.075389379554327	0.1171276364798306	0	0	0	0	0.0	0.0	0.0	0.0	0.0	0.0	0.0	17.075389379554327	0.0	sub-AS7F2	2	f	AS7F2	F	Lecanemab	14.0	App-NLGF	647 IBA1, Se tau Gp- 561 A-beta red X Rb, 488 CD31 goat	Y		
22	R_Medulla	224650.0	Abeta	164.0	4.089664951853318	17.325447781447668	9.46584481213891	1521553.0	Iba1	2.0	33.175460581277754	17.325447781447668	0.1154371318553525	0	0	0	0	0.0	0.0	0.0	0.0	0.0	0.0	0.0	17.325447781447668	0.0	sub-AS7F2	2	f	AS7F2	F	Lecanemab	14.0	App-NLGF	647 IBA1, Se tau Gp- 561 A-beta red X Rb, 488 CD31 goat	Y		
23	L_Cerebellum	834827.0	Abeta	162.0	7.221414793881488	29.71962199075199	5.450944162426104	287932.0	Iba1	1.0	27.77622059454922	29.71962199075199	0.033647803471766	0	0	0	0	0.0	0.0	0.0	0.0	0.0	0.0	0.0	29.71962199075199	0.0	sub-AS7F2	2	f	AS7F2	F	Lecanemab	14.0	App-NLGF	647 IBA1, Se tau Gp- 561 A-beta red X Rb, 488 CD31 goat	Y		
24	R_Cerebellum	72011.0	Abeta	149.0	6.432547460024483	30.02586259261375	4.962388658790887	2321590.0	Iba1	1.0	28.34787103812659	30.025862592613745	0.0333046218710797	0	0	0	0	0.0	0.0	0.0	0.0	0.0	0.0	0.0	30.025862592613745	0.0	sub-AS7F2	2	f	AS7F2	F	Lecanemab	14.0	App-NLGF	647 IBA1, Se tau Gp- 561 A-beta red X Rb, 488 CD31 goat	Y		
0	Unknown_Label_0	1766060.0	Abeta	93.0	0.0			15093812.0	Iba1	77.0	0.0			Abeta_0	Iba1_308	Abeta	Iba1	0.0833961115629421	0.0874918629454061	956050.3846153846	1166297.0256410255	0.0460497223731517	0.7323563783604173	39.0			sub-AS7F3	1	g	AS7F3	F	N control	14.0	App-NLGF	647 IBA1, Se tau Gp- 561 A-beta red X Rb, 488 YoPro	Y		
1	L_Isocortex	4682358.0	Abeta	11.0	18.9530394026983	68.55930378238696	0.1604450365323856	6563565.0	Iba1	2.0	26.562738613866884	68.55930378238696	0.0291718248240701	0	0	0	0	0.0	0.0	0.0	0.0	0.0	0.0	0.0	68.55930378238696	0.0	sub-AS7F3	1	g	AS7F3	F	N control	14.0	App-NLGF	647 IBA1, Se tau Gp- 561 A-beta red X Rb, 488 YoPro	Y		
2	R_Isocortex	3801973.0	Abeta	10.0	20.33293328487676	67.57018487333086	0.1479942672755196	1720955.0	Iba1	5.0	28.00882360398584	67.57018487333086	0.0739971336377598	0	0	0	0	0.0	0.0	0.0	0.0	0.0	0.0	0.0	67.57018487333086	0.0	sub-AS7F3	1	g	AS7F3	F	N control	14.0	App-NLGF	647 IBA1, Se tau Gp- 561 A-beta red X Rb, 488 YoPro	Y		
3	L_Olfactory areas	2698681.0	Abeta	5.0	23.67030782273372	25.373488935141847	0.1970560695370153	3297370.0	Iba1	3.0	27.86314904982332	25.373488935141847	0.1182336417222091	0	0	0	0	0.0	0.0	0.0	0.0	0.0	0.0	0.0	25.373488935141847	0.0	sub-AS7F3	1	g	AS7F3	F	N control	14.0	App-NLGF	647 IBA1, Se tau Gp- 561 A-beta red X Rb, 488 YoPro	Y		
4	R_Olfactory areas	1868471.0	Abeta	10.0	14.916110943296854	24.57777741861865	0.4068716153489371	605965.0	Iba1	5.0	17.864310554484128	24.57777741861865	0.2034358076744685	0	0	0	0	0.0	0.0	0.0	0.0	0.0	0.0	0.0	24.57777741861865	0.0	sub-AS7F3	1	g	AS7F3	F	N control	14.0	App-NLGF	647 IBA1, Se tau Gp- 561 A-beta red X Rb, 488 YoPro	Y		
5	L_Hippocampal formation	6767515.0	Abeta	6.0	20.765229222509188	23.36517398315149	0.2567924383668861	8392511.0	Iba1	5.0	24.97094695334077	23.36517398315149	0.2139936986390717	0	0	0	0	0.0	0.0	0.0	0.0	0.0	0.0	0.0	23.36517398315149	0.0	sub-AS7F3	1	g	AS7F3	F	N control	14.0	App-NLGF	647 IBA1, Se tau Gp- 561 A-beta red X Rb, 488 YoPro	Y		
6	R_Hippocampal formation	4997042.0	Abeta	7.0	24.69593241857513	23.390492076859044	0.2992668977206051	1133269.0	Iba1	2.0	28.39711411690024	23.390492076859047	0.0855048279201728	0	0	0	0	0.0	0.0	0.0	0.0	0.0	0.0	0.0	23.390492076859047	0.0	sub-AS7F3	1	g	AS7F3	F	N control	14.0	App-NLGF	647 IBA1, Se tau Gp- 561 A-beta red X Rb, 488 YoPro	Y		
7	L_Cortical subplate	1288686.0	Abeta	4.0	19.167625533247232	4.863929415953135	0.8223803550438983	1738070.0	Iba1	1.0	27.051622245704667	4.863929415953135	0.2055950887609745	0	0	0	0	0.0	0.0	0.0	0.0	0.0	0.0	0.0	4.863929415953135	0.0	sub-AS7F3	1	g	AS7F3	F	N control	14.0	App-NLGF	647 IBA1, Se tau Gp- 561 A-beta red X Rb, 488 YoPro	Y		
8	R_Cortical subplate	1042.0	Abeta	3.0	13.937837414912762	4.866023393628196	0.6165198473826377	224.0	Iba1	1.0	23.755848525154526	4.866023393628196	0.2055066157942125	0	0	0	0	0.0	0.0	0.0	0.0	0.0	0.0	0.0	4.866023393628196	0.0	sub-AS7F3	1	g	AS7F3	F	N control	14.0	App-NLGF	647 IBA1, Se tau Gp- 561 A-beta red X Rb, 488 YoPro	Y		
9	L_Striatum	2696801.0	Abeta	10.0	17.118082157650502	24.44928333401264	0.4090099437020509	6390654.0	Iba1	2.0	28.99667538696316	24.44928333401264	0.0818019887404101	0	0	0	0	0.0	0.0	0.0	0.0	0.0	0.0	0.0	24.44928333401264	0.0	sub-AS7F3	1	g	AS7F3	F	N control	14.0	App-NLGF	647 IBA1, Se tau Gp- 561 A-beta red X Rb, 488 YoPro	Y		
10	R_Striatum	1914251.0	Abeta	24.0	17.952666703610756	24.04590708915315	0.9980908564196416	4440338.0	Iba1	3.0	29.13523120403429	24.04590708915315	0.1247613570524552	0	0	0	0	0.0	0.0	0.0	0.0	0.0	0.0	0.0	24.04590708915315	0.0	sub-AS7F3	1	g	AS7F3	F	N control	14.0	App-NLGF	647 IBA1, Se tau Gp- 561 A-beta red X Rb, 488 YoPro	Y		
11	L_Pallidum	1679120.0	Abeta	11.0	15.16612620671661	5.107211549473862	2.153817184473826	0.0	0	0.0	26.116851168511687	5.107211549473862	0.0	0	0	0	0	0.0	0.0	0.0	0.0	0.0	0.0	0.0	5.107211549473862	0.0	sub-AS7F3	1	g	AS7F3	F	N control	14.0	App-NLGF	647 IBA1, Se tau Gp- 561 A-beta red X Rb, 488 YoPro	Y		
12	R_Pallidum	4553.0	Abeta	6.0	17.991883715782485	5.159941714564035	1.1628038322729275	0.0	0	0.0	28.07407953958533	5.159941714564035	0.0	0	0	0	0	0.0	0.0	0.0	0.0	0.0	0.0	0.0	5.159941714564035	0.0	sub-AS7F3	1	g	AS7F3	F	N control	14.0	App-NLGF	647 IBA1, Se tau Gp- 561 A-beta red X Rb, 488 YoPro	Y		
13	L_Thalamus	3371.0	Abeta	8.0	19.09607039745518	11.011086423505036	0.7265404785964299	0.0	0	0.0	28.87837767750636	11.011086423505036	0.0	0	0	0	0	0.0	0.0	0.0	0.0	0.0	0.0	0.0	11.011086423505036	0.0	sub-AS7F3	1	g	AS7F3	F	N control	14.0	App-NLGF	647 IBA1, Se tau Gp- 561 A-beta red X Rb, 488 YoPro	Y		
14	R_Thalamus	4669.0	Abeta	5.0	21.902972355728263	11.169276918775555	0.447656552555788	0.0	0	0.0	28.08141595936872	11.169276918775555	0.0	0	0	0	0	0.0	0.0	0.0	0.0	0.0	0.0	0.0	11.169276918775555	0.0	sub-AS7F3	1	g	AS7F3	F	N control	14.0	App-NLGF	647 IBA1, Se tau Gp- 561 A-beta red X Rb, 488 YoPro	Y		
15	L_Hypothalamus	1642946.0	Abeta	15.0	15.31794931142229	8.22457322281927	1.8238028398096269	2450852.0	Iba1	1.0	24.780442078463143	8.22457322281927	0.1215868559873084	0	0	0	0	0.0	0.0	0.0	0.0	0.0	0.0	0.0	8.22457322281927	0.0	sub-AS7F3	1	g	AS7F3	F	N control	14.0	App-NLGF	647 IBA1, Se tau Gp- 561 A-beta red X Rb, 488 YoPro	Y		
16	R_Hypothalamus	13270.0	Abeta	10.0	17.868254984452168	8.325655236042671	1.2011066656602485	9493.0	Iba1	5.0	23.8708158039144	8.325655236042671	0.6005533328301241	0	0	0	0	0.0	0.0	0.0	0.0	0.0	0.0	0.0	8.325655236042671	0.0	sub-AS7F3	1	g	AS7F3	F	N control	14.0	App-NLGF	647 IBA1, Se tau Gp- 561 A-beta red X Rb, 488 YoPro	Y		
17	L_Midbrain	3812358.0	Abeta	15.0	17.401732916821903	19.92686264070128	0.7527527172974036	4976493.0	Iba1	1.0	27.761145979613868	19.92686264070128	0.0501835144864935	0	0	0	0	0.0	0.0	0.0	0.0	0.0	0.0	0.0	19.92686264070128	0.0	sub-AS7F3	1	g	AS7F3	F	N control	14.0	App-NLGF	647 IBA1, Se tau Gp- 561 A-beta red X Rb, 488 YoPro	Y		
18	R_Midbrain	5850.0	Abeta	14.0	20.14734034059421	20.26608702406116	0.6908092313715187	0.0	0	0.0	28.25348249593748	20.26608702406116	0.0	0	0	0	0	0.0	0.0	0.0	0.0	0.0	0.0	0.0	20.26608702406116	0.0	sub-AS7F3	1	g	AS7F3	F	N control	14.0	App-NLGF	647 IBA1, Se tau Gp- 561 A-beta red X Rb, 488 YoPro	Y		
19	L_Pons	2661262.0	Abeta	7.0	20.66060415355569	9.074537797287228	0.7713891502102292	2889232.0	Iba1	2.0	27.01776798825257	9.074537797287228	0.2203969000600655	0	0	0	0	0.0	0.0	0.0	0.0	0.0	0.0	0.0	9.074537797287228	0.0	sub-AS7F3	1	g	AS7F3	F	N control	14.0	App-NLGF	647 IBA1, Se tau Gp- 561 A-beta red X Rb, 488 YoPro	Y		
20	R_Pons	2110781.0	Abeta	2.0	25.180742824054924	9.205125859568303	0.2172702503487328	2235113.0	Iba1	4.0	28.347692116800395	9.205125859568303	0.4345405006974657	0	0	0	0	0.0	0.0	0.0	0.0	0.0	0.0	0.0	9.205125859568303	0.0	sub-AS7F3	1	g	AS7F3	F	N control	14.0	App-NLGF	647 IBA1, Se tau Gp- 561 A-beta red X Rb, 488 YoPro	Y		
21	L_Medulla	1820915.0	Abeta	7.0	26.178571428571427	16.800553971835146	0.4166529277388691	2037929.0	Iba1	1.0	28.75101976069616	16.800553971835146	0.0595218468198384	0	0	0	0	0.0	0.0	0.0	0.0	0.0	0.0	0.0	16.800553971835146	0.0	sub-AS7F3	1	g	AS7F3	F	N control	14.0	App-NLGF	647 IBA1, Se tau Gp- 561 A-beta red X Rb, 488 YoPro	Y		
22	R_Medulla	1040047.0	Abeta	7.0	25.45613387060667	17.00690595363207	0.411597501572886	1108654.0	Iba1	2.0	26.99847772554287	17.00690595363207	0.1175992861636817	0	0	0	0	0.0	0.0	0.0	0.0	0.0	0.0	0.0	17.00690595363207	0.0	sub-AS7F3	1	g	AS7F3	F	N control	14.0	App-NLGF	647 IBA1, Se tau Gp- 561 A-beta red X Rb, 488 YoPro	Y		
23	L_Cerebellum	2730539.0	Abeta	6.0	28.466870540265035	29.31892359817048	0.2046459850379501	2827435.0	Iba1	2.0	26.86405396806846	29.31892359817048	0.0682153283459833	0	0	0	0	0.0	0.0	0.0	0.0	0.0	0.0	0.0	29.31892359817048	0.0	sub-AS7F3	1	g	AS7F3	F	N control	14.0	App-NLGF	647 IBA1, Se tau Gp- 561 A-beta red X Rb, 488 YoPro	Y		
24	R_Cerebellum	5367899.0	Abeta	12.0	26.468971631205672	29.632449164609167	0.4049614641482933	1606770.0	Iba1	12.0	25.21708294788776	29.632449164609167	0.4049614641482933	0	0	0	0	0.0	0.0	0.0	0.0	0.0	0.0	0.0	29.632449164609167	0.0	sub-AS7F3	1	g	AS7F3	F	N control	14.0	App-NLGF	647 IBA1, Se tau Gp- 561 A-beta red X Rb, 488 YoPro	Y		
0	Unknown_Label_0	1710489.0	Abeta	646.0	0.0			10509703.0	Iba1	105.0	0.0			Abeta_29	Iba1_3718	Abeta	Iba1	0.0101143608931751	0.0099571747057697	546.0	539.0	0.0060918489424461	0.6986048704200908	2.0			sub-AS8M1	2	d	AS8M1	M	PBS	14.0	App-NLGF	647 IBA1, Se tau Gp- 561 A-beta red X Rb, 488 CD31 goat	Y		
1	L_Isocortex	701029.0	Abeta	170.0	4.98449432004275	66.25840304070853	2.5657123051328843	2102367.0	Iba1	3.0	25.042454591945205	66.25840304070853	0.0452772759729332	0	0	0	0	0.0	0.0	0.0	0.0	0.0	0.0	0.0	66.25840304070853	0.0	sub-AS8M1	2	d	AS8M1	M	PBS	14.0	App-NLGF	647 IBA1, Se tau Gp- 561 A-beta red X Rb, 488 CD31 goat	Y		
2	R_Isocortex	1086841.0	Abeta	185.0	7.136959503649128	65.78173757722192	2.812330698665818	1378989.0	Iba1	4.0	26.20947037000596	65.78173757722192	0.060807150241423	0	0	0	0	0.0	0.0	0.0	0.0	0.0	0.0	0.0	65.78173757722192	0.0	sub-AS8M1	2	d	AS8M1	M	PBS	14.0	App-NLGF	647 IBA1, Se tau Gp- 561 A-beta red X Rb, 488 CD31 goat	Y		
3	L_Olfactory areas	998753.0	Abeta	216.0	7.74698691122086	24.244644606677124	8.90918400761017	3401197.0	Iba1	13.0	25.79156884760641	24.244644606677124	0.5362008893469083	0	0	0	0	0.0	0.0	0.0	0.0	0.0	0.0	0.0	24.244644606677124	0.0	sub-AS8M1	2	d	AS8M1	M	PBS	14.0	App-NLGF	647 IBA1, Se tau Gp- 561 A-beta red X Rb, 488 CD31 goat	Y		
4	R_Olfactory areas	989137.0	Abeta	168.0	7.4866369796113	24.75138720404189	6.787498357771466	2360819.0	Iba1	10.0	26.725686993839552	24.75138720404189	0.4040177593911587	0	0	0	0	0.0	0.0	0.0	0.0	0.0	0.0	0.0	24.75138720404189	0.0	sub-AS8M1	2	d	AS8M1	M	PBS	14.0	App-NLGF	647 IBA1, Se tau Gp- 561 A-beta red X Rb, 488 CD31 goat	Y		
5	L_Hippocampal formation	164451.0	Abeta	136.0	5.613635984171773	22.802655434987365	5.964217649464095	3509050.0	Iba1	1.0	26.586721319686774	22.802655434987365	0.0438545415401771	0	0	0	0	0.0	0.0	0.0	0.0	0.0	0.0	0.0	22.802655434987365	0.0	sub-AS8M1	2	d	AS8M1	M	PBS	14.0	App-NLGF	647 IBA1, Se tau Gp- 561 A-beta red X Rb, 488 CD31 goat	Y		
6	R_Hippocampal formation	338895.0	Abeta	169.0	5.769867522010057	22.789710845723352	7.415627216337149	532329.0	Iba1	4.0	28.05836215105498	22.789710845723352	0.1755178039369739	0	0	0	0	0.0	0.0	0.0	0.0	0.0	0.0	0.0	22.789710845723352	0.0	sub-AS8M1	2	d	AS8M1	M	PBS	14.0	App-NLGF	647 IBA1, Se tau Gp- 561 A-beta red X Rb, 488 CD31 goat	Y		
7	L_Cortical subplate	77935.0	Abeta	16.0	2.946108504751594	4.747428112577012	3.370245872204442	2675259.0	Iba1	7.0	23.31540959942259	4.747428112577012	1.4744825690894434	0	0	0	0	0.0	0.0	0.0	0.0	0.0	0.0	0.0	4.747428112577012	0.0	sub-AS8M1	2	d	AS8M1	M	PBS	14.0	App-NLGF	647 IBA1, Se tau Gp- 561 A-beta red X Rb, 488 CD31 goat	Y		
8	R_Cortical subplate	8788.0	Abeta	14.0	3.2888271306589334	4.726297974219578	2.962149250082297	2524.0	Iba1	8.0	23.2165297245046	4.726297974219578	1.692656714332741	0	0	0	0	0.0	0.0	0.0	0.0	0.0	0.0	0.0	4.726297974219578	0.0	sub-AS8M1	2	d	AS8M1	M	PBS	14.0	App-NLGF	647 IBA1, Se tau Gp- 561 A-beta red X Rb, 488 CD31 goat	Y		
9	L_Striatum	65107.0	Abeta	115.0	2.904720961067138	23.689550161179127	4.854461111230994	2372544.0	Iba1	14.0	27.43943107396842	23.68955016117913	0.5909778744107296	0	0	0	0	0.0	0.0	0.0	0.0	0.0	0.0	0.0	23.689550161179127	0.0	sub-AS8M1	2	d	AS8M1	M	PBS	14.0	App-NLGF	647 IBA1, Se tau Gp- 561 A-beta red X Rb, 488 CD31 goat	Y		
10	R_Striatum	23127.0	Abeta	57.0	2.2005879494267893	23.894379250121457	2.385498254770953	7756526.0	Iba1	24.0	26.394101385425547	23.89437925012146	1.0044203177982958	0	0	0	0	0.0	0.0	0.0	0.0	0.0	0.0	0.0	23.89437925012146	0.0	sub-AS8M1	2	d	AS8M1	M	PBS	14.0	App-NLGF	647 IBA1, Se tau Gp- 561 A-beta red X Rb, 488 CD31 goat	Y		
11	L_Pallidum	10052.0	Abeta	29.0	2.818997727360271	4.941977674750865	5.868096116290519	703.0	Iba1	2.0	22.48118331343169	4.941977674750865	0.4046962838821047	0	0	0	0	0.0	0.0	0.0	0.0	0.0	0.0	0.0	4.941977674750865	0.0	sub-AS8M1	2	d	AS8M1	M	PBS	14.0	App-NLGF	647 IBA1, Se tau Gp- 561 A-beta red X Rb, 488 CD31 goat	Y		
12	R_Pallidum	11636.0	Abeta	23.0	2.626396594968458	5.009175321959641	4.591574165745543	5148.0	Iba1	9.0	24.397393022725545	5.009175321959641	1.796702934422169	0	0	0	0	0.0	0.0	0.0	0.0	0.0	0.0	0.0	5.009175321959641	0.0	sub-AS8M1	2	d	AS8M1	M	PBS	14.0	App-NLGF	647 IBA1, Se tau Gp- 561 A-beta red X Rb, 488 CD31 goat	Y		
13	L_Thalamus	15807.0	Abeta	35.0	2.581405631013016	10.76380669624101	3.2516377326083785	9442.0	Iba1	22.0	22.589293293718168	10.76380669624101	2.0438865747824093	0	0	0	0	0.0	0.0	0.0	0.0	0.0	0.0	0.0	10.76380669624101	0.0	sub-AS8M1	2	d	AS8M1	M	PBS	14.0	App-NLGF	647 IBA1, Se tau Gp- 561 A-beta red X Rb, 488 CD31 goat	Y		
14	R_Thalamus	7234.0	Abeta	21.0	2.2370078328070755	10.912098387956696	1.924469451556354	12712.0	Iba1	33.0	24.378242590234287	10.912098387956696	3.024166281017128	0	0	0	0	0.0	0.0	0.0	0.0	0.0	0.0	0.0	10.912098387956696	0.0	sub-AS8M1	2	d	AS8M1	M	PBS	14.0	App-NLGF	647 IBA1, Se tau Gp- 561 A-beta red X Rb, 488 CD31 goat	Y		
15	L_Hypothalamus	26891.0	Abeta	71.0	3.761271266540642	8.056103200780269	8.813193951279489	2561038.0	Iba1	16.0	20.285184310018906	8.056103200780269	1.9860718763446736	0	0	0	0	0.0	0.0	0.0	0.0	0.0	0.0	0.0	8.056103200780269	0.0	sub-AS8M1	2	d	AS8M1	M	PBS	14.0	App-NLGF	647 IBA1, Se tau Gp- 561 A-beta red X Rb, 488 CD31 goat	Y		
16	R_Hypothalamus	47404.0	Abeta	104.0	4.3516923365011	8.132628566723408	12.787993346399814	835.0	Iba1	3.0	25.39239735967417	8.132628566723408	0.3688844234538408	0	0	0	0	0.0	0.0	0.0	0.0	0.0	0.0	0.0	8.132628566723408	0.0	sub-AS8M1	2	d	AS8M1	M	PBS	14.0	App-NLGF	647 IBA1, Se tau Gp- 561 A-beta red X Rb, 488 CD31 goat	Y		
17	L_Midbrain	506737.0	Abeta	161.0	4.877704462240323	19.444676690616763	8.279901104125443	5150386.0	Iba1	2.0	28.643089303545903	19.444676690616763	0.102855914336962	0	0	0	0	0.0	0.0	0.0	0.0	0.0	0.0	0.0	19.444676690616763	0.0	sub-AS8M1	2	d	AS8M1	M	PBS	14.0	App-NLGF	647 IBA1, Se tau Gp- 561 A-beta red X Rb, 488 CD31 goat	Y		
18	R_Midbrain	90304.0	Abeta	193.0	5.044789049640475	19.77609624809688	9.75925670965386	478.0	Iba1	2.0	29.03322841163957	19.77609624809688	0.1011321938824234	0	0	0	0	0.0	0.0	0.0	0.0	0.0	0.0	0.0	19.77609624809688	0.0	sub-AS8M1	2	d	AS8M1	M	PBS	14.0	App-NLGF	647 IBA1, Se tau Gp- 561 A-beta red X Rb, 488 CD31 goat	Y		
19	L_Pons	65995.0	Abeta	103.0	4.097484006697866	8.867424369063007	11.615548744836229	2794305.0	Iba1	13.0	26.55433429221588	8.867424369063007	1.4660401328434074	0	0	0	0	0.0	0.0	0.0	0.0	0.0	0.0	0.0	8.867424369063007	0.0	sub-AS8M1	2	d	AS8M1	M	PBS	14.0	App-NLGF	647 IBA1, Se tau Gp- 561 A-beta red X Rb, 488 CD31 goat	Y		
20	R_Pons	64243.0	Abeta	89.0	3.95238397831014	8.987161819755135	9.903015188217108	1588567.0	Iba1	12.0	27.013598525767303	8.987161819755135	1.3352380029056774	0	0	0	0	0.0	0.0	0.0	0.0	0.0	0.0	0.0	8.987161819755135	0.0	sub-AS8M1	2	d	AS8M1	M	PBS	14.0	App-NLGF	647 IBA1, Se tau Gp- 561 A-beta red X Rb, 488 CD31 goat	Y		
21	L_Medulla	325282.0	Abeta	251.0	6.679697468853676	16.410312677846502	15.2952600555164	1997008.0	Iba1	24.0	27.140280258914697	16.410312677846502	1.4624949853880225	0	0	0	0	0.0	0.0	0.0	0.0	0.0	0.0	0.0	16.410312677846502	0.0	sub-AS8M1	2	d	AS8M1	M	PBS	14.0	App-NLGF	647 IBA1, Se tau Gp- 561 A-beta red X Rb, 488 CD31 goat	Y		
22	R_Medulla	149415.0	Abeta	253.0	5.988281338885476	16.731643070164957	15.121049315899953	642863.0	Iba1	18.0	23.52182173982297	16.731643070164957	1.0758058801826054	0	0	0	0	0.0	0.0	0.0	0.0	0.0	0.0	0.0	16.731643070164957	0.0	sub-AS8M1	2	d	AS8M1	M	PBS	14.0	App-NLGF	647 IBA1, Se tau Gp- 561 A-beta red X Rb, 488 CD31 goat	Y		
23	L_Cerebellum	1090766.0	Abeta	239.0	8.796598571665836	28.654180867142014	8.340842165691194	9933302.0	Iba1	8.0	26.61739910313901	28.654180867142014	0.2791913695628852	0	0	0	0	0.0	0.0	0.0	0.0	0.0	0.0	0.0	28.654180867142014	0.0	sub-AS8M1	2	d	AS8M1	M	PBS	14.0	App-NLGF	647 IBA1, Se tau Gp- 561 A-beta red X Rb, 488 CD31 goat	Y		
24	R_Cerebellum	631709.0	Abeta	252.0	8.694052425984138	28.94676665683009	8.705635520108762	5430782.0	Iba1	8.0	27.89164288250845	28.94676665683009	0.2763693815907543	0	0	0	0	0.0	0.0	0.0	0.0	0.0	0.0	0.0	28.94676665683009	0.0	sub-AS8M1	2	d	AS8M1	M	PBS	14.0	App-NLGF	647 IBA1, Se tau Gp- 561 A-beta red X Rb, 488 CD31 goat	Y		
0	Unknown_Label_0	2670644.0	Abeta	804.0	0.0			17340990.0	Iba1	86.0	0.0			Abeta_3856	Iba1_8169	Abeta	Iba1	0.0087566466166689	0.0094268338293626	384.5	525.125	0.0070716513033061	0.6068804952055452	8.0			sub-AS9F7	2	a	AS9F7	F	PBS	14.0	App-NLGF	647 IBA1, Se tau Gp- 561 A-beta red X Rb, 488 CD31 goat	Y		
1	L_Isocortex	2082353.0	Abeta	1036.0	11.388637169853912	70.83507679196467	14.6255223671547	5746944.0	Iba1	6.0	24.214367871693167	70.83507679196467	0.0847037974931739	0	0	0	0	0.0	0.0	0.0	0.0	0.0	0.0	0.0	70.83507679196467	0.0	sub-AS9F7	2	a	AS9F7	F	PBS	14.0	App-NLGF	647 IBA1, Se tau Gp- 561 A-beta red X Rb, 488 CD31 goat	Y		
2	R_Isocortex	1286225.0	Abeta	971.0	10.356311226396192	70.30549080178105	13.811154561706037	1038176.0	Iba1	7.0	25.04553158997742	70.30549080178105	0.0995654808773864	0	0	0	0	0.0	0.0	0.0	0.0	0.0	0.0	0.0	70.30549080178105	0.0	sub-AS9F7	2	a	AS9F7	F	PBS	14.0	App-NLGF	647 IBA1, Se tau Gp- 561 A-beta red X Rb, 488 CD31 goat	Y		
3	L_Olfactory areas	1580149.0	Abeta	415.0	10.087613885700168	26.2009908400046	15.839095648488351	3537007.0	Iba1	6.0	27.251195164126187	26.2009908400046	0.2289989732311569	0	0	0	0	0.0	0.0	0.0	0.0	0.0	0.0	0.0	26.2009908400046	0.0	sub-AS9F7	2	a	AS9F7	F	PBS	14.0	App-NLGF	647 IBA1, Se tau Gp- 561 A-beta red X Rb, 488 CD31 goat	Y		
4	R_Olfactory areas	797001.0	Abeta	362.0	10.715820944363047	25.596212015125605	14.142717671899376	1359293.0	Iba1	9.0	27.903972155494905	25.59621201512561	0.3516145277544042	0	0	0	0	0.0	0.0	0.0	0.0	0.0	0.0	0.0	25.59621201512561	0.0	sub-AS9F7	2	a	AS9F7	F	PBS	14.0	App-NLGF	647 IBA1, Se tau Gp- 561 A-beta red X Rb, 488 CD31 goat	Y		
5	L_Hippocampal formation	877478.0	Abeta	327.0	6.957019877915167	24.324406119936267	13.4432881274742	8842052.0	Iba1	3.0	26.72233526373454	24.324406119936267	0.1233329186006807	0	0	0	0	0.0	0.0	0.0	0.0	0.0	0.0	0.0	24.324406119936267	0.0	sub-AS9F7	2	a	AS9F7	F	PBS	14.0	App-NLGF	647 IBA1, Se tau Gp- 561 A-beta red X Rb, 488 CD31 goat	Y		
6	R_Hippocampal formation	611432.0	Abeta	296.0	7.4214332059129315	24.35162782971206	12.155244900665023	709847.0	Iba1	5.0	27.385270826981856	24.35162782971206	0.2053250827815037	0	0	0	0	0.0	0.0	0.0	0.0	0.0	0.0	0.0	24.35162782971206	0.0	sub-AS9F7	2	a	AS9F7	F	PBS	14.0	App-NLGF	647 IBA1, Se tau Gp- 561 A-beta red X Rb, 488 CD31 goat	Y		
7	L_Cortical subplate	41460.0	Abeta	100.0	7.100165376230925	5.06476091115217	19.74426863463753	1818823.0	Iba1	9.0	21.6722919642186	5.06476091115217	1.7769841771173778	0	0	0	0	0.0	0.0	0.0	0.0	0.0	0.0	0.0	5.06476091115217	0.0	sub-AS9F7	2	a	AS9F7	F	PBS	14.0	App-NLGF	647 IBA1, Se tau Gp- 561 A-beta red X Rb, 488 CD31 goat	Y		
8	R_Cortical subplate	31515.0	Abeta	87.0	6.214205101196298	5.060192232588401	17.193022715561455	0.0	0	0.0	25.861109021142127	5.060192232588401	0.0	0	0	0	0	0.0	0.0	0.0	0.0	0.0	0.0	0.0	5.060192232588401	0.0	sub-AS9F7	2	a	AS9F7	F	PBS	14.0	App-NLGF	647 IBA1, Se tau Gp- 561 A-beta red X Rb, 488 CD31 goat	Y		
9	L_Striatum	312331.0	Abeta	507.0	7.1110493293759625	25.33427444413616	20.01241445133826	5854159.0	Iba1	11.0	27.24264192057707	25.33427444413616	0.43419439638012	0	0	0	0	0.0	0.0	0.0	0.0	0.0	0.0	0.0	25.33427444413616	0.0	sub-AS9F7	2	a	AS9F7	F	PBS	14.0	App-NLGF	647 IBA1, Se tau Gp- 561 A-beta red X Rb, 488 CD31 goat	Y		
10	R_Striatum	151218.0	Abeta	247.0	4.810015029375598	25.078618806171885	9.849027249427824	4578439.0	Iba1	6.0	29.53016501950783	25.078618806171885	0.2392476254921738	0	0	0	0	0.0	0.0	0.0	0.0	0.0	0.0	0.0	25.078618806171885	0.0	sub-AS9F7	2	a	AS9F7	F	PBS	14.0	App-NLGF	647 IBA1, Se tau Gp- 561 A-beta red X Rb, 488 CD31 goat	Y		
11	L_Pallidum	63035.0	Abeta	123.0	6.425810854495169	5.299857495579477	23.20817118245014	0.0	0	0.0	31.831076469954382	5.299857495579477	0.0	0	0	0	0	0.0	0.0	0.0	0.0	0.0	0.0	0.0	5.299857495579477	0.0	sub-AS9F7	2	a	AS9F7	F	PBS	14.0	App-NLGF	647 IBA1, Se tau Gp- 561 A-beta red X Rb, 488 CD31 goat	Y		
12	R_Pallidum	42328.0	Abeta	96.0	5.071463932107497	5.383426240975095	17.83250957713718	1577.0	Iba1	4.0	28.0440594059406	5.383426240975095	0.7430212323807159	0	0	0	0	0.0	0.0	0.0	0.0	0.0	0.0	0.0	5.383426240975095	0.0	sub-AS9F7	2	a	AS9F7	F	PBS	14.0	App-NLGF	647 IBA1, Se tau Gp- 561 A-beta red X Rb, 488 CD31 goat	Y		
13	L_Thalamus	46746.0	Abeta	109.0	3.8610012299305256	11.45329643615656	9.516910752078434	8047.0	Iba1	22.0	23.3457766845062	11.45329643615656	1.920844371979134	0	0	0	0	0.0	0.0	0.0	0.0	0.0	0.0	0.0	11.45329643615656	0.0	sub-AS9F7	2	a	AS9F7	F	PBS	14.0	App-NLGF	647 IBA1, Se tau Gp- 561 A-beta red X Rb, 488 CD31 goat	Y		
14	R_Thalamus	52457.0	Abeta	125.0	4.133587162559644	11.649368891185004	10.73019501464896	5312.0	Iba1	14.0	24.249133930322245	11.649368891185004	1.2017818416406834	0	0	0	0	0.0	0.0	0.0	0.0	0.0	0.0	0.0	11.649368891185004	0.0	sub-AS9F7	2	a	AS9F7	F	PBS	14.0	App-NLGF	647 IBA1, Se tau Gp- 561 A-beta red X Rb, 488 CD31 goat	Y		
15	L_Hypothalamus	62780.0	Abeta	150.0	5.203290456339033	8.539050597292073	17.56635568450296	2842314.0	Iba1	10.0	27.961655928840536	8.539050597292073	1.171090378966864	0	0	0	0	0.0	0.0	0.0	0.0	0.0	0.0	0.0	8.539050597292073	0.0	sub-AS9F7	2	a	AS9F7	F	PBS	14.0	App-NLGF	647 IBA1, Se tau Gp- 561 A-beta red X Rb, 488 CD31 goat	Y		
16	R_Hypothalamus	50535.0	Abeta	130.0	4.94207922978404	8.620715726619453	15.079954393877047	599.0	Iba1	2.0	27.320408073135184	8.620715726619453	0.2319992983673392	0	0	0	0	0.0	0.0	0.0	0.0	0.0	0.0	0.0	8.620715726619453	0.0	sub-AS9F7	2	a	AS9F7	F	PBS	14.0	App-NLGF	647 IBA1, Se tau Gp- 561 A-beta red X Rb, 488 CD31 goat	Y		
17	L_Midbrain	627885.0	Abeta	283.0	6.882394972609516	20.780253724092056	13.618698008094944	4220113.0	Iba1	25.0	23.009353071581685	20.78025372409205	1.2030651950613909	0	0	0	0	0.0	0.0	0.0	0.0	0.0	0.0	0.0	20.780253724092056	0.0	sub-AS9F7	2	a	AS9F7	F	PBS	14.0	App-NLGF	647 IBA1, Se tau Gp- 561 A-beta red X Rb, 488 CD31 goat	Y		
18	R_Midbrain	213797.0	Abeta	313.0	7.346013478111618	21.072649152173305	14.853376893418218	4851.0	Iba1	14.0	27.02613416683228	21.072649152173305	0.6643682955522526	0	0	0	0	0.0	0.0	0.0	0.0	0.0	0.0	0.0	21.072649152173305	0.0	sub-AS9F7	2	a	AS9F7	F	PBS	14.0	App-NLGF	647 IBA1, Se tau Gp- 561 A-beta red X Rb, 488 CD31 goat	Y		
19	L_Pons	64461.0	Abeta	102.0	2.947241045498548	9.438889912747848	10.806355508208886	2433716.0	Iba1	22.0	19.85463052597612	9.438889912747848	2.330782560594073	0	0	0	0	0.0	0.0	0.0	0.0	0.0	0.0	0.0	9.438889912747848	0.0	sub-AS9F7	2	a	AS9F7	F	PBS	14.0	App-NLGF	647 IBA1, Se tau Gp- 561 A-beta red X Rb, 488 CD31 goat	Y		
20	R_Pons	45449.0	Abeta	87.0	2.719300685407768	9.58185147947247	9.079664842059293	2486001.0	Iba1	11.0	28.74461110559253	9.58185147947247	1.1480036007201404	0	0	0	0	0.0	0.0	0.0	0.0	0.0	0.0	0.0	9.58185147947247	0.0	sub-AS9F7	2	a	AS9F7	F	PBS	14.0	App-NLGF	647 IBA1, Se tau Gp- 561 A-beta red X Rb, 488 CD31 goat	Y		
21	L_Medulla	428049.0	Abeta	308.0	6.815795586527295	17.209641064899344	17.896945022763695	1828536.0	Iba1	16.0	23.743078369559207	17.209641064899344	0.9297114297539582	0	0	0	0	0.0	0.0	0.0	0.0	0.0	0.0	0.0	17.209641064899344	0.0	sub-AS9F7	2	a	AS9F7	F	PBS	14.0	App-NLGF	647 IBA1, Se tau Gp- 561 A-beta red X Rb, 488 CD31 goat	Y		
22	R_Medulla	345175.0	Abeta	344.0	6.803066618511344	17.393530377091068	19.77746854963272	1163703.0	Iba1	13.0	27.729673528800166	17.393530377091068	0.7474043347244924	0	0	0	0	0.0	0.0	0.0	0.0	0.0	0.0	0.0	17.393530377091068	0.0	sub-AS9F7	2	a	AS9F7	F	PBS	14.0	App-NLGF	647 IBA1, Se tau Gp- 561 A-beta red X Rb, 488 CD31 goat	Y		
23	L_Cerebellum	825313.0	Abeta	355.0	10.27853710291456	30.50164026136632	11.638718342949131	194653.0	Iba1	4.0	26.39689820882481	30.50164026136632	0.1311404883712578	0	0	0	0	0.0	0.0	0.0	0.0	0.0	0.0	0.0	30.50164026136632	0.0	sub-AS9F7	2	a	AS9F7	F	PBS	14.0	App-NLGF	647 IBA1, Se tau Gp- 561 A-beta red X Rb, 488 CD31 goat	Y		
24	R_Cerebellum	310891.0	Abeta	386.0	9.886018855135868	30.893785171423207	12.494422352527089	2110587.0	Iba1	9.0	28.02114732885575	30.893785171423204	0.2913207284267974	0	0	0	0	0.0	0.0	0.0	0.0	0.0	0.0	0.0	30.893785171423204	0.0	sub-AS9F7	2	a	AS9F7	F	PBS	14.0	App-NLGF	647 IBA1, Se tau Gp- 561 A-beta red X Rb, 488 CD31 goat	Y		
0	Unknown_Label_0	1591372.0	Abeta	815.0	0.0			7293686.0	Iba1	47.0	0.0			Abeta_2778	Iba1_6011	Abeta	Iba1	0.0121623480322091	0.0121278202437846	942.0	934.0	0.0094083495477334	0.6126684080228545	1.0			sub-AS10M6	3	D	AS10M6	M	PBS	14.0	App-NLGF	647 IBA1, Se tau Gp- 561 A-beta red X Rb, 488 CD31 goat	Y		
1	L_Isocortex	1735925.0	Abeta	513.0	9.903529670596884	65.7889752667483	7.7976590746396	6914008.0	Iba1	3.0	27.281331507658283	65.7889752667483	0.0456003454657286	0	0	0	0	0.0	0.0	0.0	0.0	0.0	0.0	0.0	65.7889752667483	0.0	sub-AS10M6	3	D	AS10M6	M	PBS	14.0	App-NLGF	647 IBA1, Se tau Gp- 561 A-beta red X Rb, 488 CD31 goat	Y		
2	R_Isocortex	1024458.0	Abeta	315.0	7.898643079069179	66.07826598455179	4.767074246071208	1668455.0	Iba1	3.0	27.33996230134712	66.07826598455179	0.04540070710544	0	0	0	0	0.0	0.0	0.0	0.0	0.0	0.0	0.0	66.07826598455179	0.0	sub-AS10M6	3	D	AS10M6	M	PBS	14.0	App-NLGF	647 IBA1, Se tau Gp- 561 A-beta red X Rb, 488 CD31 goat	Y		
3	L_Olfactory areas	1604438.0	Abeta	359.0	10.199669333416914	24.30518149888024	14.770513028941563	3725109.0	Iba1	3.0	30.061635624231126	24.30518149888024	0.1234304709939406	0	0	0	0	0.0	0.0	0.0	0.0	0.0	0.0	0.0	24.30518149888024	0.0	sub-AS10M6	3	D	AS10M6	M	PBS	14.0	App-NLGF	647 IBA1, Se tau Gp- 561 A-beta red X Rb, 488 CD31 goat	Y		
4	R_Olfactory areas	609131.0	Abeta	307.0	10.276278640676322	23.946758107895267	12.82010694795392	1757333.0	Iba1	3.0	28.804937211207346	23.946758107895267	0.1252779180581816	0	0	0	0	0.0	0.0	0.0	0.0	0.0	0.0	0.0	23.946758107895267	0.0	sub-AS10M6	3	D	AS10M6	M	PBS	14.0	App-NLGF	647 IBA1, Se tau Gp- 561 A-beta red X Rb, 488 CD31 goat	Y		
5	L_Hippocampal formation	957265.0	Abeta	326.0	8.30184094011119	22.88348616747599	14.246081109063692	2838362.0	Iba1	1.0	30.30595226205932	22.88348616747599	0.0436996353038763	0	0	0	0	0.0	0.0	0.0	0.0	0.0	0.0	0.0	22.88348616747599	0.0	sub-AS10M6	3	D	AS10M6	M	PBS	14.0	App-NLGF	647 IBA1, Se tau Gp- 561 A-beta red X Rb, 488 CD31 goat	Y		
6	R_Hippocampal formation	426384.0	Abeta	241.0	7.18153682318879	22.89110409289544	10.52810729539243	831826.0	Iba1	2.0	29.96038969682852	22.89110409289544	0.0873701850240035	0	0	0	0	0.0	0.0	0.0	0.0	0.0	0.0	0.0	22.89110409289544	0.0	sub-AS10M6	3	D	AS10M6	M	PBS	14.0	App-NLGF	647 IBA1, Se tau Gp- 561 A-beta red X Rb, 488 CD31 goat	Y		
7	L_Cortical subplate	36478.0	Abeta	88.0	6.930829645576686	4.77701058239955	18.421562707905192	2565677.0	Iba1	2.0	27.32428337918112	4.77701058239955	0.418671879725118	0	0	0	0	0.0	0.0	0.0	0.0	0.0	0.0	0.0	4.77701058239955	0.0	sub-AS10M6	3	D	AS10M6	M	PBS	14.0	App-NLGF	647 IBA1, Se tau Gp- 561 A-beta red X Rb, 488 CD31 goat	Y		
8	R_Cortical subplate	105906.0	Abeta	91.0	6.995294117647058	4.77548699731566	19.055648157172627	0.0	0	0.0	27.55497507477568	4.77548699731566	0.0	0	0	0	0	0.0	0.0	0.0	0.0	0.0	0.0	0.0	4.77548699731566	0.0	sub-AS10M6	3	D	AS10M6	M	PBS	14.0	App-NLGF	647 IBA1, Se tau Gp- 561 A-beta red X Rb, 488 CD31 goat	Y		
9	L_Striatum	140326.0	Abeta	292.0	5.13100922497239	23.45254519630866	12.450674225582974	6542562.0	Iba1	3.0	31.118194958747484	23.45254519630866	0.1279178858792771	0	0	0	0	0.0	0.0	0.0	0.0	0.0	0.0	0.0	23.45254519630866	0.0	sub-AS10M6	3	D	AS10M6	M	PBS	14.0	App-NLGF	647 IBA1, Se tau Gp- 561 A-beta red X Rb, 488 CD31 goat	Y		
10	R_Striatum	77911.0	Abeta	101.0	3.345367508542443	23.35332171772037	4.32486655306777	8279850.0	Iba1	3.0	30.72089249162066	23.35332171772037	0.1284613827643892	0	0	0	0	0.0	0.0	0.0	0.0	0.0	0.0	0.0	23.35332171772037	0.0	sub-AS10M6	3	D	AS10M6	M	PBS	14.0	App-NLGF	647 IBA1, Se tau Gp- 561 A-beta red X Rb, 488 CD31 goat	Y		
11	L_Pallidum	50885.0	Abeta	113.0	6.447238095238095	4.999263556511908	22.603329214921903	0.0	0	0.0	30.98678095238096	4.999263556511908	0.0	0	0	0	0	0.0	0.0	0.0	0.0	0.0	0.0	0.0	4.999263556511908	0.0	sub-AS10M6	3	D	AS10M6	M	PBS	14.0	App-NLGF	647 IBA1, Se tau Gp- 561 A-beta red X Rb, 488 CD31 goat	Y		
12	R_Pallidum	7241.0	Abeta	14.0	2.3770966528770217	5.064015922577204	2.7646042615274893	0.0	0	0.0	30.41297480255736	5.064015922577204	0.0	0	0	0	0	0.0	0.0	0.0	0.0	0.0	0.0	0.0	5.064015922577204	0.0	sub-AS10M6	3	D	AS10M6	M	PBS	14.0	App-NLGF	647 IBA1, Se tau Gp- 561 A-beta red X Rb, 488 CD31 goat	Y		
13	L_Thalamus	14512.0	Abeta	50.0	3.122360489300948	10.80488451867225	4.627536732446652	0.0	0	0.0	28.754855994641662	10.80488451867225	0.0	0	0	0	0	0.0	0.0	0.0	0.0	0.0	0.0	0.0	10.80488451867225	0.0	sub-AS10M6	3	D	AS10M6	M	PBS	14.0	App-NLGF	647 IBA1, Se tau Gp- 561 A-beta red X Rb, 488 CD31 goat	Y		
14	R_Thalamus	5265.0	Abeta	14.0	1.8696030337821383	10.94810151655785	1.2787605210662758	5300440.0	Iba1	1.0	28.396705284764987	10.948101516557848	0.0913400372190197	0	0	0	0	0.0	0.0	0.0	0.0	0.0	0.0	0.0	10.948101516557848	0.0	sub-AS10M6	3	D	AS10M6	M	PBS	14.0	App-NLGF	647 IBA1, Se tau Gp- 561 A-beta red X Rb, 488 CD31 goat	Y		
15	L_Hypothalamus	102827.0	Abeta	184.0	6.711243083381034	7.985109424664047	23.042890236628327	2695038.0	Iba1	1.0	28.785608662468995	7.985109424664047	0.1252330991121104	0	0	0	0	0.0	0.0	0.0	0.0	0.0	0.0	0.0	7.985109424664047	0.0	sub-AS10M6	3	D	AS10M6	M	PBS	14.0	App-NLGF	647 IBA1, Se tau Gp- 561 A-beta red X Rb, 488 CD31 goat	Y		
16	R_Hypothalamus	65814.0	Abeta	95.0	5.113039566215992	8.04319610598733	11.811225133412115	275.0	Iba1	1.0	28.32543271849028	8.04319610598733	0.1243286856148643	0	0	0	0	0.0	0.0	0.0	0.0	0.0	0.0	0.0	8.04319610598733	0.0	sub-AS10M6	3	D	AS10M6	M	PBS	14.0	App-NLGF	647 IBA1, Se tau Gp- 561 A-beta red X Rb, 488 CD31 goat	Y		
17	L_Midbrain	579696.0	Abeta	225.0	5.625002438025394	19.52893270902263	11.52136695601634	5407076.0	Iba1	1.0	30.042958007450604	19.52893270902263	0.0512060753600726	0	0	0	0	0.0	0.0	0.0	0.0	0.0	0.0	0.0	19.52893270902263	0.0	sub-AS10M6	3	D	AS10M6	M	PBS	14.0	App-NLGF	647 IBA1, Se tau Gp- 561 A-beta red X Rb, 488 CD31 goat	Y		
18	R_Midbrain	102933.0	Abeta	229.0	5.641438575986051	19.87916683018169	11.519597473890055	0.0	0	0.0	29.66363610235579	19.87916683018169	0.0	0	0	0	0	0.0	0.0	0.0	0.0	0.0	0.0	0.0	19.87916683018169	0.0	sub-AS10M6	3	D	AS10M6	M	PBS	14.0	App-NLGF	647 IBA1, Se tau Gp- 561 A-beta red X Rb, 488 CD31 goat	Y		
19	L_Pons	107648.0	Abeta	146.0	5.398925467699816	8.897355993642792	16.40936926704043	2608622.0	Iba1	5.0	30.560768868530328	8.897355993642792	0.5619647009260421	0	0	0	0	0.0	0.0	0.0	0.0	0.0	0.0	0.0	8.897355993642792	0.0	sub-AS10M6	3	D	AS10M6	M	PBS	14.0	App-NLGF	647 IBA1, Se tau Gp- 561 A-beta red X Rb, 488 CD31 goat	Y		
20	R_Pons	130660.0	Abeta	177.0	6.516009202389245	9.023242211199149	19.616008953003323	2107178.0	Iba1	2.0	31.311614850461176	9.023242211199149	0.2216498186780036	0	0	0	0	0.0	0.0	0.0	0.0	0.0	0.0	0.0	9.023242211199149	0.0	sub-AS10M6	3	D	AS10M6	M	PBS	14.0	App-NLGF	647 IBA1, Se tau Gp- 561 A-beta red X Rb, 488 CD31 goat	Y		
21	L_Medulla	243747.0	Abeta	347.0	7.035804241896376	16.180854487175797	21.445097369549693	1707214.0	Iba1	2.0	29.990219156799512	16.180854487175797	0.1236028666832835	0	0	0	0	0.0	0.0	0.0	0.0	0.0	0.0	0.0	16.180854487175797	0.0	sub-AS10M6	3	D	AS10M6	M	PBS	14.0	App-NLGF	647 IBA1, Se tau Gp- 561 A-beta red X Rb, 488 CD31 goat	Y		
22	R_Medulla	245453.0	Abeta	354.0	7.522024531293722	16.33435568437765	21.672112866904776	1230287.0	Iba1	2.0	31.16114401641638	16.33435568437765	0.1224413156322303	0	0	0	0	0.0	0.0	0.0	0.0	0.0	0.0	0.0	16.33435568437765	0.0	sub-AS10M6	3	D	AS10M6	M	PBS	14.0	App-NLGF	647 IBA1, Se tau Gp- 561 A-beta red X Rb, 488 CD31 goat	Y		
23	L_Cerebellum	702551.0	Abeta	302.0	9.800271820200882	28.72624451605613	10.513034512088808	2780888.0	Iba1	8.0	29.329698014386583	28.72624451605613	0.2784909804526836	0	0	0	0	0.0	0.0	0.0	0.0	0.0	0.0	0.0	28.72624451605613	0.0	sub-AS10M6	3	D	AS10M6	M	PBS	14.0	App-NLGF	647 IBA1, Se tau Gp- 561 A-beta red X Rb, 488 CD31 goat	Y		
24	R_Cerebellum	1076716.0	Abeta	279.0	8.786963662895321	29.10409361686069	9.58628032444098	6418776.0	Iba1	6.0	28.680851203057205	29.10409361686069	0.2061565661170103	0	0	0	0	0.0	0.0	0.0	0.0	0.0	0.0	0.0	29.10409361686069	0.0	sub-AS10M6	3	D	AS10M6	M	PBS	14.0	App-NLGF	647 IBA1, Se tau Gp- 561 A-beta red X Rb, 488 CD31 goat	Y		
0	Unknown_Label_0	1045258.0	Abeta	440.0	0.0			17274780.0	Iba1	85.0	0.0			Abeta_75	Iba1_5573	Abeta	Iba1	0.0106749046626828	0.0112293862214722	705.0	770.3333333333334	0.005672777870731	0.744932859082844	3.0			sub-AS11F1e	2	g	AS11F1e	F	Lecanemab	14.0	App-NLGF	647 IBA1, Se tau Gp- 561 A-beta red X Rb, 488 CD31 goat	Y		
1	L_Isocortex	1148633.0	Abeta	1115.0	8.145071098078299	66.28029462549327	16.82249613252533	6594406.0	Iba1	2.0	27.08690594834296	66.28029462549327	0.0301748809552023	0	0	0	0	0.0	0.0	0.0	0.0	0.0	0.0	0.0	66.28029462549327	0.0	sub-AS11F1e	2	g	AS11F1e	F	Lecanemab	14.0	App-NLGF	647 IBA1, Se tau Gp- 561 A-beta red X Rb, 488 CD31 goat	Y		
2	R_Isocortex	1507213.0	Abeta	836.0	8.653606651376148	66.39812846011715	12.590716325719235	4639447.0	Iba1	11.0	27.589581422018345	66.39812846011715	0.1656673200752531	0	0	0	0	0.0	0.0	0.0	0.0	0.0	0.0	0.0	66.39812846011715	0.0	sub-AS11F1e	2	g	AS11F1e	F	Lecanemab	14.0	App-NLGF	647 IBA1, Se tau Gp- 561 A-beta red X Rb, 488 CD31 goat	Y		
3	L_Olfactory areas	1532393.0	Abeta	318.0	9.55569553965134	25.082235676701536	12.678295671042786	3125921.0	Iba1	6.0	30.382116104158285	25.082235676701533	0.2392131258687318	0	0	0	0	0.0	0.0	0.0	0.0	0.0	0.0	0.0	25.082235676701536	0.0	sub-AS11F1e	2	g	AS11F1e	F	Lecanemab	14.0	App-NLGF	647 IBA1, Se tau Gp- 561 A-beta red X Rb, 488 CD31 goat	Y		
4	R_Olfactory areas	1268473.0	Abeta	334.0	9.277936024371668	24.9944789759558	13.362951086970105	3136841.0	Iba1	6.0	30.09306930693069	24.9944789759558	0.2400530135383851	0	0	0	0	0.0	0.0	0.0	0.0	0.0	0.0	0.0	24.9944789759558	0.0	sub-AS11F1e	2	g	AS11F1e	F	Lecanemab	14.0	App-NLGF	647 IBA1, Se tau Gp- 561 A-beta red X Rb, 488 CD31 goat	Y		
5	L_Hippocampal formation	693494.0	Abeta	308.0	7.334679258110785	22.959703760616943	13.414807229713308	9930098.0	Iba1	3.0	28.32303852882407	22.959703760616943	0.1306637067829218	0	0	0	0	0.0	0.0	0.0	0.0	0.0	0.0	0.0	22.959703760616943	0.0	sub-AS11F1e	2	g	AS11F1e	F	Lecanemab	14.0	App-NLGF	647 IBA1, Se tau Gp- 561 A-beta red X Rb, 488 CD31 goat	Y		
6	R_Hippocampal formation	507208.0	Abeta	271.0	7.444846412983953	22.942000131182336	11.812396410531871	621678.0	Iba1	2.0	29.612041354818366	22.942000131182336	0.0871763572732979	0	0	0	0	0.0	0.0	0.0	0.0	0.0	0.0	0.0	22.942000131182336	0.0	sub-AS11F1e	2	g	AS11F1e	F	Lecanemab	14.0	App-NLGF	647 IBA1, Se tau Gp- 561 A-beta red X Rb, 488 CD31 goat	Y		
7	L_Cortical subplate	92762.0	Abeta	148.0	8.898832221163012	4.792543813394236	30.88130349197196	1751949.0	Iba1	1.0	26.263703527168733	4.792543813394236	0.2086574560268375	0	0	0	0	0.0	0.0	0.0	0.0	0.0	0.0	0.0	4.792543813394236	0.0	sub-AS11F1e	2	g	AS11F1e	F	Lecanemab	14.0	App-NLGF	647 IBA1, Se tau Gp- 561 A-beta red X Rb, 488 CD31 goat	Y		
8	R_Cortical subplate	66590.0	Abeta	101.0	7.385804806121229	4.776743800027866	21.144110764201088	456.0	Iba1	1.0	28.23950902642171	4.776743800027866	0.2093476313287236	0	0	0	0	0.0	0.0	0.0	0.0	0.0	0.0	0.0	4.776743800027866	0.0	sub-AS11F1e	2	g	AS11F1e	F	Lecanemab	14.0	App-NLGF	647 IBA1, Se tau Gp- 561 A-beta red X Rb, 488 CD31 goat	Y		
9	L_Striatum	176518.0	Abeta	315.0	4.904549264769247	24.29908802622871	12.9634494784325	6660491.0	Iba1	22.0	30.529569829294857	24.29908802622871	0.9053837730968732	0	0	0	0	0.0	0.0	0.0	0.0	0.0	0.0	0.0	24.29908802622871	0.0	sub-AS11F1e	2	g	AS11F1e	F	Lecanemab	14.0	App-NLGF	647 IBA1, Se tau Gp- 561 A-beta red X Rb, 488 CD31 goat	Y		
10	R_Striatum	152848.0	Abeta	303.0	4.219555744332752	24.201432521928137	12.519920038843216	2885281.0	Iba1	3.0	29.82736325451885	24.201432521928137	0.1239596043449823	0	0	0	0	0.0	0.0	0.0	0.0	0.0	0.0	0.0	24.201432521928137	0.0	sub-AS11F1e	2	g	AS11F1e	F	Lecanemab	14.0	App-NLGF	647 IBA1, Se tau Gp- 561 A-beta red X Rb, 488 CD31 goat	Y		
11	L_Pallidum	48260.0	Abeta	54.0	4.471536965722347	4.992613862165976	10.815977660361831	2841.0	Iba1	9.0	25.31635337629161	4.992613862165976	1.8026629433936383	0	0	0	0	0.0	0.0	0.0	0.0	0.0	0.0	0.0	4.992613862165976	0.0	sub-AS11F1e	2	g	AS11F1e	F	Lecanemab	14.0	App-NLGF	647 IBA1, Se tau Gp- 561 A-beta red X Rb, 488 CD31 goat	Y		
12	R_Pallidum	36656.0	Abeta	70.0	4.037630999888114	5.104165763764683	13.714288140275848	359.0	Iba1	1.0	26.81538805803155	5.104165763764683	0.1959184020039406	0	0	0	0	0.0	0.0	0.0	0.0	0.0	0.0	0.0	5.104165763764683	0.0	sub-AS11F1e	2	g	AS11F1e	F	Lecanemab	14.0	App-NLGF	647 IBA1, Se tau Gp- 561 A-beta red X Rb, 488 CD31 goat	Y		
13	L_Thalamus	12658.0	Abeta	35.0	1.8913369172468493	10.800165763144342	3.240691001191648	576.0	Iba1	2.0	27.41750242354808	10.800165763144342	0.185182342925237	0	0	0	0	0.0	0.0	0.0	0.0	0.0	0.0	0.0	10.800165763144342	0.0	sub-AS11F1e	2	g	AS11F1e	F	Lecanemab	14.0	App-NLGF	647 IBA1, Se tau Gp- 561 A-beta red X Rb, 488 CD31 goat	Y		
14	R_Thalamus	9810.0	Abeta	33.0	2.0459706356497773	10.981770736054182	3.004979870109463	1498.0	Iba1	3.0	29.44691362304772	10.981770736054182	0.2731799881917693	0	0	0	0	0.0	0.0	0.0	0.0	0.0	0.0	0.0	10.981770736054182	0.0	sub-AS11F1e	2	g	AS11F1e	F	Lecanemab	14.0	App-NLGF	647 IBA1, Se tau Gp- 561 A-beta red X Rb, 488 CD31 goat	Y		
15	L_Hypothalamus	34449.0	Abeta	55.0	2.939664673466995	8.117970722997981	6.775092184575951	2592657.0	Iba1	4.0	25.99800680032829	8.117970722997981	0.4927339770600691	0	0	0	0	0.0	0.0	0.0	0.0	0.0	0.0	0.0	8.117970722997981	0.0	sub-AS11F1e	2	g	AS11F1e	F	Lecanemab	14.0	App-NLGF	647 IBA1, Se tau Gp- 561 A-beta red X Rb, 488 CD31 goat	Y		
16	R_Hypothalamus	59409.0	Abeta	68.0	3.1006932368829845	8.210486463914314	8.282091481286152	270.0	Iba1	1.0	27.008068442651457	8.210486463914314	0.1217954629600904	0	0	0	0	0.0	0.0	0.0	0.0	0.0	0.0	0.0	8.210486463914314	0.0	sub-AS11F1e	2	g	AS11F1e	F	Lecanemab	14.0	App-NLGF	647 IBA1, Se tau Gp- 561 A-beta red X Rb, 488 CD31 goat	Y		
17	L_Midbrain	583668.0	Abeta	124.0	4.338804448113437	19.6005828466054	6.326342485344787	5286602.0	Iba1	20.0	28.902879619288107	19.6005828466054	1.0203778202169012	0	0	0	0	0.0	0.0	0.0	0.0	0.0	0.0	0.0	19.6005828466054	0.0	sub-AS11F1e	2	g	AS11F1e	F	Lecanemab	14.0	App-NLGF	647 IBA1, Se tau Gp- 561 A-beta red X Rb, 488 CD31 goat	Y		
18	R_Midbrain	64819.0	Abeta	135.0	4.5344155099231385	19.91258552018949	6.779631899791349	5243.0	Iba1	16.0	30.206206263622807	19.91258552018949	0.8035119288641599	0	0	0	0	0.0	0.0	0.0	0.0	0.0	0.0	0.0	19.91258552018949	0.0	sub-AS11F1e	2	g	AS11F1e	F	Lecanemab	14.0	App-NLGF	647 IBA1, Se tau Gp- 561 A-beta red X Rb, 488 CD31 goat	Y		
19	L_Pons	7607.0	Abeta	21.0	1.1158342416276634	8.907209944889168	2.357640622589064	2842102.0	Iba1	17.0	28.416746810284028	8.907209944889168	1.9085662182863847	0	0	0	0	0.0	0.0	0.0	0.0	0.0	0.0	0.0	8.907209944889168	0.0	sub-AS11F1e	2	g	AS11F1e	F	Lecanemab	14.0	App-NLGF	647 IBA1, Se tau Gp- 561 A-beta red X Rb, 488 CD31 goat	Y		
20	R_Pons	21034.0	Abeta	36.0	1.667513809833862	9.063306462484627	3.9720603235710192	3645.0	Iba1	11.0	29.10020793514104	9.063306462484627	1.2136850988689225	0	0	0	0	0.0	0.0	0.0	0.0	0.0	0.0	0.0	9.063306462484627	0.0	sub-AS11F1e	2	g	AS11F1e	F	Lecanemab	14.0	App-NLGF	647 IBA1, Se tau Gp- 561 A-beta red X Rb, 488 CD31 goat	Y		
21	L_Medulla	136231.0	Abeta	91.0	2.7266539644644414	16.585064632910687	5.486864357430572	1982290.0	Iba1	8.0	25.528958725494697	16.585064632910687	0.4823617017521382	0	0	0	0	0.0	0.0	0.0	0.0	0.0	0.0	0.0	16.585064632910687	0.0	sub-AS11F1e	2	g	AS11F1e	F	Lecanemab	14.0	App-NLGF	647 IBA1, Se tau Gp- 561 A-beta red X Rb, 488 CD31 goat	Y		
22	R_Medulla	92820.0	Abeta	104.0	2.869251639158942	16.83938773962719	6.175996515316446	897731.0	Iba1	13.0	26.13237621523853	16.83938773962719	0.7719995644145558	0	0	0	0	0.0	0.0	0.0	0.0	0.0	0.0	0.0	16.83938773962719	0.0	sub-AS11F1e	2	g	AS11F1e	F	Lecanemab	14.0	App-NLGF	647 IBA1, Se tau Gp- 561 A-beta red X Rb, 488 CD31 goat	Y		
23	L_Cerebellum	695566.0	Abeta	119.0	5.749038956921492	28.82036654989913	4.129024514451101	712550.0	Iba1	8.0	27.370044518421643	28.82036654989913	0.2775814799630992	0	0	0	0	0.0	0.0	0.0	0.0	0.0	0.0	0.0	28.82036654989913	0.0	sub-AS11F1e	2	g	AS11F1e	F	Lecanemab	14.0	App-NLGF	647 IBA1, Se tau Gp- 561 A-beta red X Rb, 488 CD31 goat	Y		
24	R_Cerebellum	519115.0	Abeta	133.0	7.038707949921958	29.14835959845642	4.56286397698494	5901.0	Iba1	9.0	27.76036598507063	29.148359598456423	0.3087652315252966	0	0	0	0	0.0	0.0	0.0	0.0	0.0	0.0	0.0	29.14835959845642	0.0	sub-AS11F1e	2	g	AS11F1e	F	Lecanemab	14.0	App-NLGF	647 IBA1, Se tau Gp- 561 A-beta red X Rb, 488 CD31 goat	Y		
0	Unknown_Label_0	1562351.0	Abeta	439.0	0.0			6908009.0	Iba1	96.0	0.0			Abeta_3688	Iba1_6145	Abeta	Iba1	0.0158299408253333	0.016903763284281	2077.0	2529.0	0.0070976812181998	0.7831690176451753	1.0			sub-AS11F3	2	h	AS11F3	F	Lecanemab	14.0	App-NLGF	647 IBA1, Se tau Gp- 561 A-beta red X Rb, 488 CD31 goat	Y		
1	L_Isocortex	1295764.0	Abeta	1302.0	8.22643913602396	67.4081653146517	19.31516744184402	5238311.0	Iba1	5.0	26.099916653717383	67.4081653146517	0.0741749901760523	0	0	0	0	0.0	0.0	0.0	0.0	0.0	0.0	0.0	67.4081653146517	0.0	sub-AS11F3	2	h	AS11F3	F	Lecanemab	14.0	App-NLGF	647 IBA1, Se tau Gp- 561 A-beta red X Rb, 488 CD31 goat	Y		
2	R_Isocortex	1347114.0	Abeta	1274.0	8.404103486487841	68.40097144494109	18.625466467614395	4438360.0	Iba1	9.0	26.4997160024279	68.40097144494109	0.1315770786566166	0	0	0	0	0.0	0.0	0.0	0.0	0.0	0.0	0.0	68.40097144494109	0.0	sub-AS11F3	2	h	AS11F3	F	Lecanemab	14.0	App-NLGF	647 IBA1, Se tau Gp- 561 A-beta red X Rb, 488 CD31 goat	Y		
3	L_Olfactory areas	1115767.0	Abeta	371.0	8.776378857155478	25.86647531359584	14.342889609122595	5869812.0	Iba1	9.0	29.22426170123473	25.86647531359584	0.3479407182806021	0	0	0	0	0.0	0.0	0.0	0.0	0.0	0.0	0.0	25.86647531359584	0.0	sub-AS11F3	2	h	AS11F3	F	Lecanemab	14.0	App-NLGF	647 IBA1, Se tau Gp- 561 A-beta red X Rb, 488 CD31 goat	Y		
4	R_Olfactory areas	749708.0	Abeta	351.0	8.376664320268388	25.432063116551888	13.801475656591917	2618244.0	Iba1	16.0	26.95901541134359	25.432063116551888	0.6291270954571814	0	0	0	0	0.0	0.0	0.0	0.0	0.0	0.0	0.0	25.432063116551888	0.0	sub-AS11F3	2	h	AS11F3	F	Lecanemab	14.0	App-NLGF	647 IBA1, Se tau Gp- 561 A-beta red X Rb, 488 CD31 goat	Y		
5	L_Hippocampal formation	439461.0	Abeta	280.0	6.471931463171116	23.652896634840108	11.837873573064504	8477447.0	Iba1	2.0	28.13561628393829	23.652896634840108	0.0845562398076035	0	0	0	0	0.0	0.0	0.0	0.0	0.0	0.0	0.0	23.652896634840108	0.0	sub-AS11F3	2	h	AS11F3	F	Lecanemab	14.0	App-NLGF	647 IBA1, Se tau Gp- 561 A-beta red X Rb, 488 CD31 goat	Y		
6	R_Hippocampal formation	454935.0	Abeta	173.0	5.281829667720882	23.665656659917683	7.310171126289033	7501407.0	Iba1	8.0	28.59703210126908	23.665656659917683	0.338042595435331	0	0	0	0	0.0	0.0	0.0	0.0	0.0	0.0	0.0	23.665656659917683	0.0	sub-AS11F3	2	h	AS11F3	F	Lecanemab	14.0	App-NLGF	647 IBA1, Se tau Gp- 561 A-beta red X Rb, 488 CD31 goat	Y		
7	L_Cortical subplate	91726.0	Abeta	158.0	8.521692099671624	4.9297499870594566	32.05030689482192	1614287.0	Iba1	2.0	25.79860923314661	4.9297499870594566	0.4057000872762269	0	0	0	0	0.0	0.0	0.0	0.0	0.0	0.0	0.0	4.9297499870594566	0.0	sub-AS11F3	2	h	AS11F3	F	Lecanemab	14.0	App-NLGF	647 IBA1, Se tau Gp- 561 A-beta red X Rb, 488 CD31 goat	Y		
8	R_Cortical subplate	48813.0	Abeta	107.0	6.86227475743108	4.946318974846753	21.632248252512884	0.0	0	0.0	26.31152779916833	4.946318974846752	0.0	0	0	0	0	0.0	0.0	0.0	0.0	0.0	0.0	0.0	4.946318974846752	0.0	sub-AS11F3	2	h	AS11F3	F	Lecanemab	14.0	App-NLGF	647 IBA1, Se tau Gp- 561 A-beta red X Rb, 488 CD31 goat	Y		
9	L_Striatum	236452.0	Abeta	323.0	4.841031198485866	24.95480008902356	12.943401624045569	3621395.0	Iba1	2.0	30.787853348800294	24.95480008902356	0.0801449016968765	0	0	0	0	0.0	0.0	0.0	0.0	0.0	0.0	0.0	24.95480008902356	0.0	sub-AS11F3	2	h	AS11F3	F	Lecanemab	14.0	App-NLGF	647 IBA1, Se tau Gp- 561 A-beta red X Rb, 488 CD31 goat	Y		
10	R_Striatum	130754.0	Abeta	230.0	3.4466120193555283	24.95289560766869	9.217367139119313	7535233.0	Iba1	8.0	29.76416174382928	24.95289560766869	0.3206040744041499	0	0	0	0	0.0	0.0	0.0	0.0	0.0	0.0	0.0	24.95289560766869	0.0	sub-AS11F3	2	h	AS11F3	F	Lecanemab	14.0	App-NLGF	647 IBA1, Se tau Gp- 561 A-beta red X Rb, 488 CD31 goat	Y		
11	L_Pallidum	57266.0	Abeta	49.0	3.938043882484195	5.121150363223055	9.568162722166448	0.0	0	0.0	26.58218668650056	5.121150363223055	0.0	0	0	0	0	0.0	0.0	0.0	0.0	0.0	0.0	0.0	5.121150363223055	0.0	sub-AS11F3	2	h	AS11F3	F	Lecanemab	14.0	App-NLGF	647 IBA1, Se tau Gp- 561 A-beta red X Rb, 488 CD31 goat	Y		
12	R_Pallidum	40485.0	Abeta	66.0	3.904057296589835	5.238466414682534	12.599107214854556	0.0	0	0.0	26.689922198792992	5.238466414682534	0.0	0	0	0	0	0.0	0.0	0.0	0.0	0.0	0.0	0.0	5.238466414682534	0.0	sub-AS11F3	2	h	AS11F3	F	Lecanemab	14.0	App-NLGF	647 IBA1, Se tau Gp- 561 A-beta red X Rb, 488 CD31 goat	Y		
13	L_Thalamus	11181.0	Abeta	28.0	1.9205650527177809	11.162927013386245	2.508302702904288	3365.0	Iba1	11.0	26.00059712696625	11.162927013386245	0.9854046332838272	0	0	0	0	0.0	0.0	0.0	0.0	0.0	0.0	0.0	11.162927013386245	0.0	sub-AS11F3	2	h	AS11F3	F	Lecanemab	14.0	App-NLGF	647 IBA1, Se tau Gp- 561 A-beta red X Rb, 488 CD31 goat	Y		
14	R_Thalamus	5560.0	Abeta	17.0	1.56158199703544	11.306524907542816	1.5035565869278675	2785.0	Iba1	7.0	26.219074248753536	11.306524907542816	0.6191115357938277	0	0	0	0	0.0	0.0	0.0	0.0	0.0	0.0	0.0	11.306524907542816	0.0	sub-AS11F3	2	h	AS11F3	F	Lecanemab	14.0	App-NLGF	647 IBA1, Se tau Gp- 561 A-beta red X Rb, 488 CD31 goat	Y		
15	L_Hypothalamus	50124.0	Abeta	79.0	3.0745301952198503	8.35076984479749	9.460205641904595	3233807.0	Iba1	3.0	28.594029374201785	8.35076984479749	0.3592483155153644	0	0	0	0	0.0	0.0	0.0	0.0	0.0	0.0	0.0	8.35076984479749	0.0	sub-AS11F3	2	h	AS11F3	F	Lecanemab	14.0	App-NLGF	647 IBA1, Se tau Gp- 561 A-beta red X Rb, 488 CD31 goat	Y		
16	R_Hypothalamus	53907.0	Abeta	76.0	2.7824481617398744	8.45913483388912	8.984370327746474	0.0	0	0.0	27.32035031632033	8.45913483388912	0.0	0	0	0	0	0.0	0.0	0.0	0.0	0.0	0.0	0.0	8.45913483388912	0.0	sub-AS11F3	2	h	AS11F3	F	Lecanemab	14.0	App-NLGF	647 IBA1, Se tau Gp- 561 A-beta red X Rb, 488 CD31 goat	Y		
17	L_Midbrain	253759.0	Abeta	135.0	3.615918586775067	20.192644461191925	6.685602782709089	4725696.0	Iba1	17.0	26.5818234977883	20.192644461191925	0.8418907207855889	0	0	0	0	0.0	0.0	0.0	0.0	0.0	0.0	0.0	20.192644461191925	0.0	sub-AS11F3	2	h	AS11F3	F	Lecanemab	14.0	App-NLGF	647 IBA1, Se tau Gp- 561 A-beta red X Rb, 488 CD31 goat	Y		
18	R_Midbrain	58639.0	Abeta	123.0	3.624901416814348	20.52592869829272	5.992420699104871	4713.0	Iba1	14.0	26.40770294218618	20.52592869829272	0.6820641446135626	0	0	0	0	0.0	0.0	0.0	0.0	0.0	0.0	0.0	20.52592869829272	0.0	sub-AS11F3	2	h	AS11F3	F	Lecanemab	14.0	App-NLGF	647 IBA1, Se tau Gp- 561 A-beta red X Rb, 488 CD31 goat	Y		
19	L_Pons	16456.0	Abeta	31.0	1.8052133584546264	9.198454495846423	3.370131364350185	3052190.0	Iba1	28.0	29.936375494316653	9.198454495846423	3.0439896194130704	0	0	0	0	0.0	0.0	0.0	0.0	0.0	0.0	0.0	9.198454495846423	0.0	sub-AS11F3	2	h	AS11F3	F	Lecanemab	14.0	App-NLGF	647 IBA1, Se tau Gp- 561 A-beta red X Rb, 488 CD31 goat	Y		
20	R_Pons	13441.0	Abeta	34.0	1.333804085308445	9.304915003583192	3.653982866786755	5713.0	Iba1	14.0	29.89749887428876	9.304915003583192	1.504581180441605	0	0	0	0	0.0	0.0	0.0	0.0	0.0	0.0	0.0	9.304915003583192	0.0	sub-AS11F3	2	h	AS11F3	F	Lecanemab	14.0	App-NLGF	647 IBA1, Se tau Gp- 561 A-beta red X Rb, 488 CD31 goat	Y		
21	L_Medulla	121428.0	Abeta	96.0	2.6855850435635182	17.093481952425513	5.616175818782076	3215531.0	Iba1	7.0	29.06496646389019	17.093481952425513	0.4095128201195264	0	0	0	0	0.0	0.0	0.0	0.0	0.0	0.0	0.0	17.093481952425513	0.0	sub-AS11F3	2	h	AS11F3	F	Lecanemab	14.0	App-NLGF	647 IBA1, Se tau Gp- 561 A-beta red X Rb, 488 CD31 goat	Y		
22	R_Medulla	57418.0	Abeta	86.0	2.1270538616993235	17.339921839744616	4.9596532668838496	2787.0	Iba1	9.0	27.69395264036552	17.339921839744616	0.5190334814180774	0	0	0	0	0.0	0.0	0.0	0.0	0.0	0.0	0.0	17.339921839744616	0.0	sub-AS11F3	2	h	AS11F3	F	Lecanemab	14.0	App-NLGF	647 IBA1, Se tau Gp- 561 A-beta red X Rb, 488 CD31 goat	Y		
23	L_Cerebellum	418963.0	Abeta	101.0	4.763241752957394	29.70324345110017	3.400302063519568	3802806.0	Iba1	8.0	26.59771102490944	29.70324345110017	0.2693308565164014	0	0	0	0	0.0	0.0	0.0	0.0	0.0	0.0	0.0	29.70324345110017	0.0	sub-AS11F3	2	h	AS11F3	F	Lecanemab	14.0	App-NLGF	647 IBA1, Se tau Gp- 561 A-beta red X Rb, 488 CD31 goat	Y		
24	R_Cerebellum	749595.0	Abeta	115.0	5.766846011014152	30.05214443531084	3.826681994276477	1843.0	Iba1	6.0	30.062764184363456	30.05214443531084	0.1996529736144248	0	0	0	0	0.0	0.0	0.0	0.0	0.0	0.0	0.0	30.05214443531084	0.0	sub-AS11F3	2	h	AS11F3	F	Lecanemab	14.0	App-NLGF	647 IBA1, Se tau Gp- 561 A-beta red X Rb, 488 CD31 goat	Y		
0	Unknown_Label_0	1757668.0	Abeta	1089.0	0.0			4546142.0	Iba1	189.0	0.0			Abeta_6795	Iba1_9510	Abeta	Iba1	0.0086540563549771	0.0091418874537066	348.0	426.2	0.0040617339832327	0.7741342283021078	5.0			sub-AS11F4	2	b	AS11F4	F	PBS	14.0	App-NLGF	647 IBA1, Se tau Gp- 561 A-beta red X Rb, 488 CD31 goat	Y		Right side tissue tear in hippocampal-retrohippocampal extension. Also some cortial tearing along that side.
1	L_Isocortex	1431284.0	Abeta	1879.0	7.727145504982025	91.81787526571716	20.464424760018147	6615016.0	Iba1	22.0	21.732851094884456	91.81787526571716	0.2396047603621071	0	0	0	0	0.0	0.0	0.0	0.0	0.0	0.0	0.0	91.81787526571716	0.0	sub-AS11F4	2	b	AS11F4	F	PBS	14.0	App-NLGF	647 IBA1, Se tau Gp- 561 A-beta red X Rb, 488 CD31 goat	Y		Right side tissue tear in hippocampal-retrohippocampal extension. Also some cortial tearing along that side.
2	R_Isocortex	1268576.0	Abeta	1355.0	6.743689726075571	92.02422724751408	14.724383355651636	6024656.0	Iba1	18.0	21.027386237169488	92.02422724751408	0.1956006645031213	0	0	0	0	0.0	0.0	0.0	0.0	0.0	0.0	0.0	92.02422724751408	0.0	sub-AS11F4	2	b	AS11F4	F	PBS	14.0	App-NLGF	647 IBA1, Se tau Gp- 561 A-beta red X Rb, 488 CD31 goat	Y		Right side tissue tear in hippocampal-retrohippocampal extension. Also some cortial tearing along that side.
3	L_Olfactory areas	1111455.0	Abeta	278.0	6.212369666069542	33.15490033727547	8.384884200283645	2808252.0	Iba1	30.0	22.39682375637316	33.15490033727547	0.9048436187356452	0	0	0	0	0.0	0.0	0.0	0.0	0.0	0.0	0.0	33.15490033727547	0.0	sub-AS11F4	2	b	AS11F4	F	PBS	14.0	App-NLGF	647 IBA1, Se tau Gp- 561 A-beta red X Rb, 488 CD31 goat	Y		Right side tissue tear in hippocampal-retrohippocampal extension. Also some cortial tearing along that side.
4	R_Olfactory areas	725178.0	Abeta	354.0	7.090204200700117	32.62797940958738	10.849583897186749	2947268.0	Iba1	18.0	26.267415402567096	32.62797940958738	0.5516737574840719	0	0	0	0	0.0	0.0	0.0	0.0	0.0	0.0	0.0	32.62797940958738	0.0	sub-AS11F4	2	b	AS11F4	F	PBS	14.0	App-NLGF	647 IBA1, Se tau Gp- 561 A-beta red X Rb, 488 CD31 goat	Y		Right side tissue tear in hippocampal-retrohippocampal extension. Also some cortial tearing along that side.
5	L_Hippocampal formation	744740.0	Abeta	559.0	7.8202552072438225	31.850352245712447	17.55082630444849	7180172.0	Iba1	30.0	21.37915309446254	31.850352245712447	0.941904810614409	0	0	0	0	0.0	0.0	0.0	0.0	0.0	0.0	0.0	31.850352245712447	0.0	sub-AS11F4	2	b	AS11F4	F	PBS	14.0	App-NLGF	647 IBA1, Se tau Gp- 561 A-beta red X Rb, 488 CD31 goat	Y		Right side tissue tear in hippocampal-retrohippocampal extension. Also some cortial tearing along that side.
6	R_Hippocampal formation	963402.0	Abeta	301.0	5.556953012343758	31.81494498684324	9.460962454106888	4438620.0	Iba1	5.0	17.475405225903344	31.81494498684324	0.1571588447526061	0	0	0	0	0.0	0.0	0.0	0.0	0.0	0.0	0.0	31.81494498684324	0.0	sub-AS11F4	2	b	AS11F4	F	PBS	14.0	App-NLGF	647 IBA1, Se tau Gp- 561 A-beta red X Rb, 488 CD31 goat	Y		Right side tissue tear in hippocampal-retrohippocampal extension. Also some cortial tearing along that side.
7	L_Cortical subplate	14262.0	Abeta	35.0	3.393280861160947	6.578516408614474	5.320348514167723	57116.0	Iba1	100.0	16.928294461485038	6.578516408614474	15.20099575476492	0	0	0	0	0.0	0.0	0.0	0.0	0.0	0.0	0.0	6.578516408614474	0.0	sub-AS11F4	2	b	AS11F4	F	PBS	14.0	App-NLGF	647 IBA1, Se tau Gp- 561 A-beta red X Rb, 488 CD31 goat	Y		Right side tissue tear in hippocampal-retrohippocampal extension. Also some cortial tearing along that side.
8	R_Cortical subplate	119873.0	Abeta	133.0	7.319064139690914	6.639241761191244	20.032408034518763	5925.0	Iba1	14.0	17.34177251483786	6.639241761191244	2.108674529949344	0	0	0	0	0.0	0.0	0.0	0.0	0.0	0.0	0.0	6.639241761191244	0.0	sub-AS11F4	2	b	AS11F4	F	PBS	14.0	App-NLGF	647 IBA1, Se tau Gp- 561 A-beta red X Rb, 488 CD31 goat	Y		Right side tissue tear in hippocampal-retrohippocampal extension. Also some cortial tearing along that side.
9	L_Striatum	77646.0	Abeta	173.0	2.9180910099889013	32.588003472154405	5.308702024283996	2966435.0	Iba1	123.0	18.32112272913137	32.588003472154405	3.7743950808493154	0	0	0	0	0.0	0.0	0.0	0.0	0.0	0.0	0.0	32.588003472154405	0.0	sub-AS11F4	2	b	AS11F4	F	PBS	14.0	App-NLGF	647 IBA1, Se tau Gp- 561 A-beta red X Rb, 488 CD31 goat	Y		Right side tissue tear in hippocampal-retrohippocampal extension. Also some cortial tearing along that side.
10	R_Striatum	282353.0	Abeta	266.0	3.793810729639008	32.325304454737655	8.228847476825994	2786191.0	Iba1	52.0	21.787851127730992	32.325304454737655	1.6086468751689913	0	0	0	0	0.0	0.0	0.0	0.0	0.0	0.0	0.0	32.325304454737655	0.0	sub-AS11F4	2	b	AS11F4	F	PBS	14.0	App-NLGF	647 IBA1, Se tau Gp- 561 A-beta red X Rb, 488 CD31 goat	Y		Right side tissue tear in hippocampal-retrohippocampal extension. Also some cortial tearing along that side.
11	L_Pallidum	62727.0	Abeta	106.0	5.260895817323526	6.93601550622944	15.282549455778794	18446.0	Iba1	32.0	21.994757931715885	6.93601550622944	4.613599835706806	0	0	0	0	0.0	0.0	0.0	0.0	0.0	0.0	0.0	6.93601550622944	0.0	sub-AS11F4	2	b	AS11F4	F	PBS	14.0	App-NLGF	647 IBA1, Se tau Gp- 561 A-beta red X Rb, 488 CD31 goat	Y		Right side tissue tear in hippocampal-retrohippocampal extension. Also some cortial tearing along that side.
12	R_Pallidum	55590.0	Abeta	94.0	5.334542815674891	7.082593943483713	13.271973622952649	2895502.0	Iba1	26.0	24.97352577541257	7.0825939434837135	3.6709714276252	0	0	0	0	0.0	0.0	0.0	0.0	0.0	0.0	0.0	7.082593943483713	0.0	sub-AS11F4	2	b	AS11F4	F	PBS	14.0	App-NLGF	647 IBA1, Se tau Gp- 561 A-beta red X Rb, 488 CD31 goat	Y		Right side tissue tear in hippocampal-retrohippocampal extension. Also some cortial tearing along that side.
13	L_Thalamus	9698.0	Abeta	25.0	1.813545182207728	15.06007780064578	1.6600179846964664	40356.0	Iba1	84.0	18.43109223515731	15.06007780064578	5.577660428580127	0	0	0	0	0.0	0.0	0.0	0.0	0.0	0.0	0.0	15.06007780064578	0.0	sub-AS11F4	2	b	AS11F4	F	PBS	14.0	App-NLGF	647 IBA1, Se tau Gp- 561 A-beta red X Rb, 488 CD31 goat	Y		Right side tissue tear in hippocampal-retrohippocampal extension. Also some cortial tearing along that side.
14	R_Thalamus	36973.0	Abeta	75.0	2.8234545250308907	15.2519623003241	4.91740003831548	31308.0	Iba1	63.0	19.6325932027808	15.2519623003241	4.130616032185004	0	0	0	0	0.0	0.0	0.0	0.0	0.0	0.0	0.0	15.2519623003241	0.0	sub-AS11F4	2	b	AS11F4	F	PBS	14.0	App-NLGF	647 IBA1, Se tau Gp- 561 A-beta red X Rb, 488 CD31 goat	Y		Right side tissue tear in hippocampal-retrohippocampal extension. Also some cortial tearing along that side.
15	L_Hypothalamus	55349.0	Abeta	115.0	3.457453481078821	10.925994785254831	10.52535739401946	2209173.0	Iba1	41.0	18.59415290264129	10.92599478525483	3.7525187230852	0	0	0	0	0.0	0.0	0.0	0.0	0.0	0.0	0.0	10.92599478525483	0.0	sub-AS11F4	2	b	AS11F4	F	PBS	14.0	App-NLGF	647 IBA1, Se tau Gp- 561 A-beta red X Rb, 488 CD31 goat	Y		Right side tissue tear in hippocampal-retrohippocampal extension. Also some cortial tearing along that side.
16	R_Hypothalamus	61124.0	Abeta	130.0	3.910778360474745	11.034881624358002	11.78082415610537	36261.0	Iba1	64.0	19.52991305547889	11.034881624358002	5.7997903537749504	0	0	0	0	0.0	0.0	0.0	0.0	0.0	0.0	0.0	11.034881624358002	0.0	sub-AS11F4	2	b	AS11F4	F	PBS	14.0	App-NLGF	647 IBA1, Se tau Gp- 561 A-beta red X Rb, 488 CD31 goat	Y		Right side tissue tear in hippocampal-retrohippocampal extension. Also some cortial tearing along that side.
17	L_Midbrain	397201.0	Abeta	212.0	4.063045302013423	27.2293242400664	7.785723881022876	3221763.0	Iba1	88.0	17.965030760626398	27.2293242400664	3.23180991287742	0	0	0	0	0.0	0.0	0.0	0.0	0.0	0.0	0.0	27.2293242400664	0.0	sub-AS11F4	2	b	AS11F4	F	PBS	14.0	App-NLGF	647 IBA1, Se tau Gp- 561 A-beta red X Rb, 488 CD31 goat	Y		Right side tissue tear in hippocampal-retrohippocampal extension. Also some cortial tearing along that side.
18	R_Midbrain	154431.0	Abeta	241.0	4.680696501624665	27.59348599392019	8.733945397587703	3685728.0	Iba1	72.0	19.60249184218333	27.59348599392019	2.6093114880759942	0	0	0	0	0.0	0.0	0.0	0.0	0.0	0.0	0.0	27.59348599392019	0.0	sub-AS11F4	2	b	AS11F4	F	PBS	14.0	App-NLGF	647 IBA1, Se tau Gp- 561 A-beta red X Rb, 488 CD31 goat	Y		Right side tissue tear in hippocampal-retrohippocampal extension. Also some cortial tearing along that side.
19	L_Pons	17081.0	Abeta	49.0	1.5394510750940416	12.297169439206158	3.984656814093893	1609135.0	Iba1	98.0	10.447530147525503	12.297169439206158	7.969313628187787	0	0	0	0	0.0	0.0	0.0	0.0	0.0	0.0	0.0	12.297169439206158	0.0	sub-AS11F4	2	b	AS11F4	F	PBS	14.0	App-NLGF	647 IBA1, Se tau Gp- 561 A-beta red X Rb, 488 CD31 goat	Y		Right side tissue tear in hippocampal-retrohippocampal extension. Also some cortial tearing along that side.
20	R_Pons	21778.0	Abeta	59.0	1.9140038240917785	12.444890046101373	4.740901669796834	46524.0	Iba1	51.0	16.29197705544933	12.444890046101373	4.09806754507862	0	0	0	0	0.0	0.0	0.0	0.0	0.0	0.0	0.0	12.444890046101373	0.0	sub-AS11F4	2	b	AS11F4	F	PBS	14.0	App-NLGF	647 IBA1, Se tau Gp- 561 A-beta red X Rb, 488 CD31 goat	Y		Right side tissue tear in hippocampal-retrohippocampal extension. Also some cortial tearing along that side.
21	L_Medulla	135576.0	Abeta	253.0	3.7848687226411872	21.17829984396048	11.946190292142326	1504132.0	Iba1	71.0	14.95320575624927	21.17829984396048	3.352488184751404	0	0	0	0	0.0	0.0	0.0	0.0	0.0	0.0	0.0	21.17829984396048	0.0	sub-AS11F4	2	b	AS11F4	F	PBS	14.0	App-NLGF	647 IBA1, Se tau Gp- 561 A-beta red X Rb, 488 CD31 goat	Y		Right side tissue tear in hippocampal-retrohippocampal extension. Also some cortial tearing along that side.
22	R_Medulla	106329.0	Abeta	214.0	3.333640528255968	21.2755746250474	10.058482732967464	1384514.0	Iba1	91.0	15.13543717118213	21.2755746250474	4.277205274299249	0	0	0	0	0.0	0.0	0.0	0.0	0.0	0.0	0.0	21.2755746250474	0.0	sub-AS11F4	2	b	AS11F4	F	PBS	14.0	App-NLGF	647 IBA1, Se tau Gp- 561 A-beta red X Rb, 488 CD31 goat	Y		Right side tissue tear in hippocampal-retrohippocampal extension. Also some cortial tearing along that side.
23	L_Cerebellum	486687.0	Abeta	201.0	4.981333320775863	40.42461974026691	4.972217457862298	2108393.0	Iba1	38.0	15.222926487000665	40.42461974026691	0.9400212109391408	0	0	0	0	0.0	0.0	0.0	0.0	0.0	0.0	0.0	40.42461974026691	0.0	sub-AS11F4	2	b	AS11F4	F	PBS	14.0	App-NLGF	647 IBA1, Se tau Gp- 561 A-beta red X Rb, 488 CD31 goat	Y		Right side tissue tear in hippocampal-retrohippocampal extension. Also some cortial tearing along that side.
24	R_Cerebellum	437888.0	Abeta	218.0	5.698610046958509	40.497718597287225	5.383019279871309	2106097.0	Iba1	23.0	18.41154737450703	40.497718597287225	0.5679332267754134	0	0	0	0	0.0	0.0	0.0	0.0	0.0	0.0	0.0	40.497718597287225	0.0	sub-AS11F4	2	b	AS11F4	F	PBS	14.0	App-NLGF	647 IBA1, Se tau Gp- 561 A-beta red X Rb, 488 CD31 goat	Y		Right side tissue tear in hippocampal-retrohippocampal extension. Also some cortial tearing along that side.
0	Unknown_Label_0	1542889.0	Abeta	418.0	0.0			3398354.0	Iba1	124.0	0.0			Abeta_1863	Iba1_3532	Abeta	Iba1	0.0118518442504525	0.0122833120286375	976.0	1187.8	0.0080541088311312	0.6695215397052389	5.0			sub-AS16M2	4	f	AS16M2	M	Lecanemab	14.0	App-NLGF	647 IBA1, Se tau Gp- 561 A-beta red X Rb, 488 CD31 goat	Y		
1	L_Isocortex	2405265.0	Abeta	356.0	12.060584194138288	57.80005687937452	6.1591634891113	3879204.0	Iba1	19.0	21.15038139013822	57.80005687937453	0.3287193996997604	0	0	0	0	0.0	0.0	0.0	0.0	0.0	0.0	0.0	57.80005687937453	0.0	sub-AS16M2	4	f	AS16M2	M	Lecanemab	14.0	App-NLGF	647 IBA1, Se tau Gp- 561 A-beta red X Rb, 488 CD31 goat	Y		
2	R_Isocortex	1788354.0	Abeta	268.0	11.862602423255272	57.29346483898132	4.677671367113029	2136026.0	Iba1	11.0	23.17396247112204	57.29346483898132	0.1919939740232959	0	0	0	0	0.0	0.0	0.0	0.0	0.0	0.0	0.0	57.29346483898132	0.0	sub-AS16M2	4	f	AS16M2	M	Lecanemab	14.0	App-NLGF	647 IBA1, Se tau Gp- 561 A-beta red X Rb, 488 CD31 goat	Y		
3	L_Olfactory areas	1170539.0	Abeta	174.0	11.153679691916336	21.561776107201982	8.069836136638168	4448921.0	Iba1	15.0	25.42051476823064	21.561776107201982	0.6956755290205318	0	0	0	0	0.0	0.0	0.0	0.0	0.0	0.0	0.0	21.561776107201982	0.0	sub-AS16M2	4	f	AS16M2	M	Lecanemab	14.0	App-NLGF	647 IBA1, Se tau Gp- 561 A-beta red X Rb, 488 CD31 goat	Y		
4	R_Olfactory areas	1714382.0	Abeta	166.0	10.702364480792449	21.61034038175096	7.681507883151167	1477798.0	Iba1	9.0	26.91299098448061	21.61034038175096	0.4164672948696416	0	0	0	0	0.0	0.0	0.0	0.0	0.0	0.0	0.0	21.61034038175096	0.0	sub-AS16M2	4	f	AS16M2	M	Lecanemab	14.0	App-NLGF	647 IBA1, Se tau Gp- 561 A-beta red X Rb, 488 CD31 goat	Y		
5	L_Hippocampal formation	1097514.0	Abeta	137.0	9.93159100976446	19.777277077696592	6.9271416617052335	7504317.0	Iba1	10.0	24.049188221019588	19.777277077696592	0.5056307782266594	0	0	0	0	0.0	0.0	0.0	0.0	0.0	0.0	0.0	19.777277077696592	0.0	sub-AS16M2	4	f	AS16M2	M	Lecanemab	14.0	App-NLGF	647 IBA1, Se tau Gp- 561 A-beta red X Rb, 488 CD31 goat	Y		
6	R_Hippocampal formation	1034850.0	Abeta	135.0	10.38517065440068	19.7083348526506	6.849893763695803	5790058.0	Iba1	9.0	25.328630512929536	19.7083348526506	0.4566595842463868	0	0	0	0	0.0	0.0	0.0	0.0	0.0	0.0	0.0	19.7083348526506	0.0	sub-AS16M2	4	f	AS16M2	M	Lecanemab	14.0	App-NLGF	647 IBA1, Se tau Gp- 561 A-beta red X Rb, 488 CD31 goat	Y		
7	L_Cortical subplate	545304.0	Abeta	38.0	11.251054950150706	4.107014041759211	9.252464104973686	0.0	0	0.0	25.552469278924185	4.107014041759211	0.0	0	0	0	0	0.0	0.0	0.0	0.0	0.0	0.0	0.0	4.107014041759211	0.0	sub-AS16M2	4	f	AS16M2	M	Lecanemab	14.0	App-NLGF	647 IBA1, Se tau Gp- 561 A-beta red X Rb, 488 CD31 goat	Y		
8	R_Cortical subplate	170370.0	Abeta	44.0	9.913609195402298	4.142246946824152	10.622254193158298	221.0	Iba1	1.0	25.68942528735632	4.142246946824152	0.2414148680263249	0	0	0	0	0.0	0.0	0.0	0.0	0.0	0.0	0.0	4.142246946824152	0.0	sub-AS16M2	4	f	AS16M2	M	Lecanemab	14.0	App-NLGF	647 IBA1, Se tau Gp- 561 A-beta red X Rb, 488 CD31 goat	Y		
9	L_Striatum	526976.0	Abeta	271.0	7.014322058715865	20.81064866084454	13.022179385974136	4911657.0	Iba1	7.0	30.73786514386119	20.81064866084454	0.3363662572022839	0	0	0	0	0.0	0.0	0.0	0.0	0.0	0.0	0.0	20.81064866084454	0.0	sub-AS16M2	4	f	AS16M2	M	Lecanemab	14.0	App-NLGF	647 IBA1, Se tau Gp- 561 A-beta red X Rb, 488 CD31 goat	Y		
10	R_Striatum	315399.0	Abeta	201.0	5.788378183543667	20.870639823522684	9.6307540976036	6887122.0	Iba1	2.0	30.790157591685144	20.870639823522684	0.0958283989811303	0	0	0	0	0.0	0.0	0.0	0.0	0.0	0.0	0.0	20.870639823522684	0.0	sub-AS16M2	4	f	AS16M2	M	Lecanemab	14.0	App-NLGF	647 IBA1, Se tau Gp- 561 A-beta red X Rb, 488 CD31 goat	Y		
11	L_Pallidum	91344.0	Abeta	34.0	4.884509051993222	4.270989886412801	7.960683800297302	553.0	Iba1	2.0	30.70333541425132	4.270989886412801	0.4682755176645471	0	0	0	0	0.0	0.0	0.0	0.0	0.0	0.0	0.0	4.270989886412801	0.0	sub-AS16M2	4	f	AS16M2	M	Lecanemab	14.0	App-NLGF	647 IBA1, Se tau Gp- 561 A-beta red X Rb, 488 CD31 goat	Y		
12	R_Pallidum	74990.0	Abeta	49.0	5.280721582264725	4.381259356859292	11.183998939319965	984.0	Iba1	3.0	29.632253857856984	4.381259356859292	0.6847346289379571	0	0	0	0	0.0	0.0	0.0	0.0	0.0	0.0	0.0	4.381259356859292	0.0	sub-AS16M2	4	f	AS16M2	M	Lecanemab	14.0	App-NLGF	647 IBA1, Se tau Gp- 561 A-beta red X Rb, 488 CD31 goat	Y		
13	L_Thalamus	71166.0	Abeta	118.0	4.649502406395301	9.33881477169973	12.635436389378476	0.0	0	0.0	32.825271229300924	9.33881477169973	0.0	0	0	0	0	0.0	0.0	0.0	0.0	0.0	0.0	0.0	9.33881477169973	0.0	sub-AS16M2	4	f	AS16M2	M	Lecanemab	14.0	App-NLGF	647 IBA1, Se tau Gp- 561 A-beta red X Rb, 488 CD31 goat	Y		
14	R_Thalamus	73846.0	Abeta	100.0	4.514847503970727	9.472699810946503	10.55665248511745	0.0	0	0.0	31.898831902531214	9.472699810946503	0.0	0	0	0	0	0.0	0.0	0.0	0.0	0.0	0.0	0.0	9.472699810946503	0.0	sub-AS16M2	4	f	AS16M2	M	Lecanemab	14.0	App-NLGF	647 IBA1, Se tau Gp- 561 A-beta red X Rb, 488 CD31 goat	Y		
15	L_Hypothalamus	86557.0	Abeta	65.0	4.578781797472474	7.022584547916956	9.255851539627294	3453773.0	Iba1	3.0	25.56294407983945	7.022584547916956	0.4271931479827981	0	0	0	0	0.0	0.0	0.0	0.0	0.0	0.0	0.0	7.022584547916956	0.0	sub-AS16M2	4	f	AS16M2	M	Lecanemab	14.0	App-NLGF	647 IBA1, Se tau Gp- 561 A-beta red X Rb, 488 CD31 goat	Y		
16	R_Hypothalamus	76566.0	Abeta	66.0	4.672774304807071	7.067911204162663	9.337978094734572	214.0	Iba1	1.0	24.577710713515845	7.067911204162663	0.1414845165868874	0	0	0	0	0.0	0.0	0.0	0.0	0.0	0.0	0.0	7.067911204162663	0.0	sub-AS16M2	4	f	AS16M2	M	Lecanemab	14.0	App-NLGF	647 IBA1, Se tau Gp- 561 A-beta red X Rb, 488 CD31 goat	Y		
17	L_Midbrain	890184.0	Abeta	130.0	6.186872455902306	16.843233102396688	7.718233145007166	5167651.0	Iba1	5.0	28.98462234283129	16.843233102396688	0.2968551209618141	0	0	0	0	0.0	0.0	0.0	0.0	0.0	0.0	0.0	16.843233102396688	0.0	sub-AS16M2	4	f	AS16M2	M	Lecanemab	14.0	App-NLGF	647 IBA1, Se tau Gp- 561 A-beta red X Rb, 488 CD31 goat	Y		
18	R_Midbrain	54945.0	Abeta	123.0	5.786179241091265	17.14490294900678	7.174143847056626	2678.0	Iba1	10.0	27.4419821380965	17.14490294900678	0.5832637274029777	0	0	0	0	0.0	0.0	0.0	0.0	0.0	0.0	0.0	17.14490294900678	0.0	sub-AS16M2	4	f	AS16M2	M	Lecanemab	14.0	App-NLGF	647 IBA1, Se tau Gp- 561 A-beta red X Rb, 488 CD31 goat	Y		
19	L_Pons	36155.0	Abeta	64.0	2.830686513665555	7.65106339502131	8.364850308474244	2817022.0	Iba1	1.0	39.841862896400656	7.65106339502131	0.13070078606991	0	0	0	0	0.0	0.0	0.0	0.0	0.0	0.0	0.0	7.65106339502131	0.0	sub-AS16M2	4	f	AS16M2	M	Lecanemab	14.0	App-NLGF	647 IBA1, Se tau Gp- 561 A-beta red X Rb, 488 CD31 goat	Y		
20	R_Pons	34657.0	Abeta	51.0	2.478223572951644	7.770474375971137	6.563305859126024	472.0	Iba1	1.0	38.188916938310335	7.770474375971137	0.1286922717475691	0	0	0	0	0.0	0.0	0.0	0.0	0.0	0.0	0.0	7.770474375971137	0.0	sub-AS16M2	4	f	AS16M2	M	Lecanemab	14.0	App-NLGF	647 IBA1, Se tau Gp- 561 A-beta red X Rb, 488 CD31 goat	Y		
21	L_Medulla	186354.0	Abeta	111.0	3.228000479916815	14.286085987223911	7.76979783680902	1908646.0	Iba1	5.0	26.62585151907003	14.28608598722391	0.3499908935499559	0	0	0	0	0.0	0.0	0.0	0.0	0.0	0.0	0.0	14.286085987223911	0.0	sub-AS16M2	4	f	AS16M2	M	Lecanemab	14.0	App-NLGF	647 IBA1, Se tau Gp- 561 A-beta red X Rb, 488 CD31 goat	Y		
22	R_Medulla	104102.0	Abeta	115.0	3.92996481831548	14.507577168794326	7.926892179306412	711121.0	Iba1	8.0	26.11143929846671	14.507577168794326	0.5514359776908808	0	0	0	0	0.0	0.0	0.0	0.0	0.0	0.0	0.0	14.507577168794326	0.0	sub-AS16M2	4	f	AS16M2	M	Lecanemab	14.0	App-NLGF	647 IBA1, Se tau Gp- 561 A-beta red X Rb, 488 CD31 goat	Y		
23	L_Cerebellum	999654.0	Abeta	89.0	8.732138465322183	24.779587804376284	3.591665878488981	3375194.0	Iba1	5.0	26.67869220363994	24.77958780437628	0.2017789819375832	0	0	0	0	0.0	0.0	0.0	0.0	0.0	0.0	0.0	24.77958780437628	0.0	sub-AS16M2	4	f	AS16M2	M	Lecanemab	14.0	App-NLGF	647 IBA1, Se tau Gp- 561 A-beta red X Rb, 488 CD31 goat	Y		
24	R_Cerebellum	157842.0	Abeta	100.0	8.52330253569726	25.168292448903543	3.9732532591561056	1783233.0	Iba1	9.0	26.89977526049352	25.168292448903543	0.3575927933240495	0	0	0	0	0.0	0.0	0.0	0.0	0.0	0.0	0.0	25.168292448903543	0.0	sub-AS16M2	4	f	AS16M2	M	Lecanemab	14.0	App-NLGF	647 IBA1, Se tau Gp- 561 A-beta red X Rb, 488 CD31 goat	Y		
0	Unknown_Label_0	1775971.0	Abeta	433.0	0.0			13094311.0	Iba1	112.0	0.0			Abeta_20	Iba1_4160	Abeta	Iba1	0.009488759908306	0.0092895146329319	512.2142857142857	496.2857142857143	0.0064699183606676	0.6597022852130039	14.0			sub-AS16M3	4	g	AS16M3	M	Lecanemab	14.0	App-NLGF	647 IBA1, Se tau Gp- 561 A-beta red X Rb, 488 CD31 goat	Y		Bubble in left lateral ventricle.
1	L_Isocortex	1848946.0	Abeta	517.0	10.46777125910644	59.08082059051901	8.750724767065364	4914336.0	Iba1	107.0	20.03693830185029	59.08082059051901	1.811078433415849	0	0	0	0	0.0	0.0	0.0	0.0	0.0	0.0	0.0	59.08082059051901	0.0	sub-AS16M3	4	g	AS16M3	M	Lecanemab	14.0	App-NLGF	647 IBA1, Se tau Gp- 561 A-beta red X Rb, 488 CD31 goat	Y		Bubble in left lateral ventricle.
2	R_Isocortex	1919858.0	Abeta	479.0	11.044244681025576	58.04954393686141	8.251572148800904	2348659.0	Iba1	123.0	20.278676530896803	58.04954393686141	2.118879695829877	0	0	0	0	0.0	0.0	0.0	0.0	0.0	0.0	0.0	58.04954393686141	0.0	sub-AS16M3	4	g	AS16M3	M	Lecanemab	14.0	App-NLGF	647 IBA1, Se tau Gp- 561 A-beta red X Rb, 488 CD31 goat	Y		Bubble in left lateral ventricle.
3	L_Olfactory areas	673168.0	Abeta	204.0	9.365833011281032	20.69752246836575	9.85625213412838	2998248.0	Iba1	32.0	23.110105081065164	20.697522468365754	1.5460787661377846	0	0	0	0	0.0	0.0	0.0	0.0	0.0	0.0	0.0	20.697522468365754	0.0	sub-AS16M3	4	g	AS16M3	M	Lecanemab	14.0	App-NLGF	647 IBA1, Se tau Gp- 561 A-beta red X Rb, 488 CD31 goat	Y		Bubble in left lateral ventricle.
4	R_Olfactory areas	491985.0	Abeta	178.0	8.914666975682806	21.36523363138026	8.331291998537376	1893314.0	Iba1	63.0	23.824021250802254	21.36523363138026	2.9487157073474983	0	0	0	0	0.0	0.0	0.0	0.0	0.0	0.0	0.0	21.36523363138026	0.0	sub-AS16M3	4	g	AS16M3	M	Lecanemab	14.0	App-NLGF	647 IBA1, Se tau Gp- 561 A-beta red X Rb, 488 CD31 goat	Y		Bubble in left lateral ventricle.
5	L_Hippocampal formation	1545699.0	Abeta	139.0	11.906944523524835	20.0690436212614	6.9260898836625	3531767.0	Iba1	26.0	21.902104803659206	20.0690436212614	1.2955276041383093	0	0	0	0	0.0	0.0	0.0	0.0	0.0	0.0	0.0	20.0690436212614	0.0	sub-AS16M3	4	g	AS16M3	M	Lecanemab	14.0	App-NLGF	647 IBA1, Se tau Gp- 561 A-beta red X Rb, 488 CD31 goat	Y		Bubble in left lateral ventricle.
6	R_Hippocampal formation	1582770.0	Abeta	135.0	11.644044492067858	20.084089023964808	6.72173877734334	275437.0	Iba1	12.0	25.24817698208749	20.084089023964808	0.597487891319408	0	0	0	0	0.0	0.0	0.0	0.0	0.0	0.0	0.0	20.084089023964808	0.0	sub-AS16M3	4	g	AS16M3	M	Lecanemab	14.0	App-NLGF	647 IBA1, Se tau Gp- 561 A-beta red X Rb, 488 CD31 goat	Y		Bubble in left lateral ventricle.
7	L_Cortical subplate	90462.0	Abeta	71.0	10.207272727272729	4.189858980695694	16.945677724984193	1289032.0	Iba1	3.0	23.40681818181818	4.189858980695694	0.7160145517598956	0	0	0	0	0.0	0.0	0.0	0.0	0.0	0.0	0.0	4.189858980695694	0.0	sub-AS16M3	4	g	AS16M3	M	Lecanemab	14.0	App-NLGF	647 IBA1, Se tau Gp- 561 A-beta red X Rb, 488 CD31 goat	Y		Bubble in left lateral ventricle.
8	R_Cortical subplate	357829.0	Abeta	58.0	9.59423704240667	4.203571246450698	13.797791591845272	4403.0	Iba1	13.0	21.84314969191736	4.203571246450698	3.092608460241182	0	0	0	0	0.0	0.0	0.0	0.0	0.0	0.0	0.0	4.203571246450698	0.0	sub-AS16M3	4	g	AS16M3	M	Lecanemab	14.0	App-NLGF	647 IBA1, Se tau Gp- 561 A-beta red X Rb, 488 CD31 goat	Y		Bubble in left lateral ventricle.
9	L_Striatum	460384.0	Abeta	220.0	5.967058866854481	20.686095580236582	10.635163080759773	2998014.0	Iba1	12.0	28.55121618884532	20.686095580236582	0.5800998044050785	0	0	0	0	0.0	0.0	0.0	0.0	0.0	0.0	0.0	20.686095580236582	0.0	sub-AS16M3	4	g	AS16M3	M	Lecanemab	14.0	App-NLGF	647 IBA1, Se tau Gp- 561 A-beta red X Rb, 488 CD31 goat	Y		Bubble in left lateral ventricle.
10	R_Striatum	256231.0	Abeta	224.0	5.885077719261416	20.86568817200004	10.73532768981896	1529956.0	Iba1	18.0	27.0883891165652	20.86568817200004	0.8626602607890236	0	0	0	0	0.0	0.0	0.0	0.0	0.0	0.0	0.0	20.86568817200004	0.0	sub-AS16M3	4	g	AS16M3	M	Lecanemab	14.0	App-NLGF	647 IBA1, Se tau Gp- 561 A-beta red X Rb, 488 CD31 goat	Y		Bubble in left lateral ventricle.
11	L_Pallidum	39009.0	Abeta	48.0	5.068252371999475	4.355739306704146	11.019943256503137	1995.0	Iba1	5.0	22.59179747278213	4.355739306704146	1.147910755885743	0	0	0	0	0.0	0.0	0.0	0.0	0.0	0.0	0.0	4.355739306704146	0.0	sub-AS16M3	4	g	AS16M3	M	Lecanemab	14.0	App-NLGF	647 IBA1, Se tau Gp- 561 A-beta red X Rb, 488 CD31 goat	Y		Bubble in left lateral ventricle.
12	R_Pallidum	75755.0	Abeta	35.0	4.681127146589011	4.447154411737507	7.870201202733924	5916.0	Iba1	14.0	19.62177208684853	4.447154411737507	3.1480804810935696	0	0	0	0	0.0	0.0	0.0	0.0	0.0	0.0	0.0	4.447154411737507	0.0	sub-AS16M3	4	g	AS16M3	M	Lecanemab	14.0	App-NLGF	647 IBA1, Se tau Gp- 561 A-beta red X Rb, 488 CD31 goat	Y		Bubble in left lateral ventricle.
13	L_Thalamus	101199.0	Abeta	138.0	4.980151839437871	9.432134358087952	14.630834841921702	4526179.0	Iba1	10.0	26.48800629972136	9.432134358087952	1.0602054233276597	0	0	0	0	0.0	0.0	0.0	0.0	0.0	0.0	0.0	9.432134358087952	0.0	sub-AS16M3	4	g	AS16M3	M	Lecanemab	14.0	App-NLGF	647 IBA1, Se tau Gp- 561 A-beta red X Rb, 488 CD31 goat	Y		Bubble in left lateral ventricle.
14	R_Thalamus	65242.0	Abeta	119.0	4.013357908714351	9.609441572225574	12.383654045407685	4849.0	Iba1	14.0	24.36010860732901	9.609441572225574	1.4569004759303157	0	0	0	0	0.0	0.0	0.0	0.0	0.0	0.0	0.0	9.609441572225574	0.0	sub-AS16M3	4	g	AS16M3	M	Lecanemab	14.0	App-NLGF	647 IBA1, Se tau Gp- 561 A-beta red X Rb, 488 CD31 goat	Y		Bubble in left lateral ventricle.
15	L_Hypothalamus	87758.0	Abeta	82.0	5.5744925630700966	6.952690082193532	11.793996141149655	1823793.0	Iba1	12.0	24.42200126003232	6.952690082193532	1.7259506548023889	0	0	0	0	0.0	0.0	0.0	0.0	0.0	0.0	0.0	6.952690082193532	0.0	sub-AS16M3	4	g	AS16M3	M	Lecanemab	14.0	App-NLGF	647 IBA1, Se tau Gp- 561 A-beta red X Rb, 488 CD31 goat	Y		Bubble in left lateral ventricle.
16	R_Hypothalamus	104799.0	Abeta	75.0	5.276451708606413	7.061245519420648	10.62135565088714	8213.0	Iba1	16.0	20.361383067669983	7.061245519420647	2.26588920552259	0	0	0	0	0.0	0.0	0.0	0.0	0.0	0.0	0.0	7.061245519420647	0.0	sub-AS16M3	4	g	AS16M3	M	Lecanemab	14.0	App-NLGF	647 IBA1, Se tau Gp- 561 A-beta red X Rb, 488 CD31 goat	Y		Bubble in left lateral ventricle.
17	L_Midbrain	793978.0	Abeta	151.0	6.460705328805735	17.162043281200535	8.798486143279153	4409296.0	Iba1	14.0	23.2467763055685	17.162043281200535	0.8157536821583321	0	0	0	0	0.0	0.0	0.0	0.0	0.0	0.0	0.0	17.162043281200535	0.0	sub-AS16M3	4	g	AS16M3	M	Lecanemab	14.0	App-NLGF	647 IBA1, Se tau Gp- 561 A-beta red X Rb, 488 CD31 goat	Y		Bubble in left lateral ventricle.
18	R_Midbrain	81564.0	Abeta	154.0	5.864021146683269	17.435717251894157	8.832444216384042	7765.0	Iba1	19.0	24.774934189686626	17.435717251894157	1.0897171435798492	0	0	0	0	0.0	0.0	0.0	0.0	0.0	0.0	0.0	17.435717251894157	0.0	sub-AS16M3	4	g	AS16M3	M	Lecanemab	14.0	App-NLGF	647 IBA1, Se tau Gp- 561 A-beta red X Rb, 488 CD31 goat	Y		Bubble in left lateral ventricle.
19	L_Pons	47123.0	Abeta	82.0	2.9437610706553827	7.741335811241752	10.592487136512265	2297387.0	Iba1	7.0	29.9766532178705	7.741335811241753	0.9042367067754372	0	0	0	0	0.0	0.0	0.0	0.0	0.0	0.0	0.0	7.741335811241753	0.0	sub-AS16M3	4	g	AS16M3	M	Lecanemab	14.0	App-NLGF	647 IBA1, Se tau Gp- 561 A-beta red X Rb, 488 CD31 goat	Y		Bubble in left lateral ventricle.
20	R_Pons	37529.0	Abeta	83.0	2.660893719806764	7.884552809127351	10.526912814118916	6491.0	Iba1	15.0	25.06524154589372	7.884552809127351	1.9024541230335388	0	0	0	0	0.0	0.0	0.0	0.0	0.0	0.0	0.0	7.884552809127351	0.0	sub-AS16M3	4	g	AS16M3	M	Lecanemab	14.0	App-NLGF	647 IBA1, Se tau Gp- 561 A-beta red X Rb, 488 CD31 goat	Y		Bubble in left lateral ventricle.
21	L_Medulla	122183.0	Abeta	151.0	4.02619898547383	13.215577017656162	11.425910484140214	1437575.0	Iba1	26.0	26.3099060410422	13.215577017656162	1.9673753151499704	0	0	0	0	0.0	0.0	0.0	0.0	0.0	0.0	0.0	13.215577017656162	0.0	sub-AS16M3	4	g	AS16M3	M	Lecanemab	14.0	App-NLGF	647 IBA1, Se tau Gp- 561 A-beta red X Rb, 488 CD31 goat	Y		Bubble in left lateral ventricle.
22	R_Medulla	176997.0	Abeta	147.0	4.172298050139276	13.674176127906856	10.75019062391598	687049.0	Iba1	19.0	24.83876044568245	13.674176127906856	1.3894804207782558	0	0	0	0	0.0	0.0	0.0	0.0	0.0	0.0	0.0	13.674176127906856	0.0	sub-AS16M3	4	g	AS16M3	M	Lecanemab	14.0	App-NLGF	647 IBA1, Se tau Gp- 561 A-beta red X Rb, 488 CD31 goat	Y		Bubble in left lateral ventricle.
23	L_Cerebellum	736693.0	Abeta	110.0	9.125870376244205	25.21799941226544	4.361963778399431	1045785.0	Iba1	9.0	31.092822511214827	25.217999412265435	0.3568879455054081	0	0	0	0	0.0	0.0	0.0	0.0	0.0	0.0	0.0	25.217999412265435	0.0	sub-AS16M3	4	g	AS16M3	M	Lecanemab	14.0	App-NLGF	647 IBA1, Se tau Gp- 561 A-beta red X Rb, 488 CD31 goat	Y		Bubble in left lateral ventricle.
24	R_Cerebellum	511162.0	Abeta	121.0	8.758180813901411	25.514717607352885	4.742360933092591	1545715.0	Iba1	12.0	31.03870211686024	25.51471760735289	0.4703167867529842	0	0	0	0	0.0	0.0	0.0	0.0	0.0	0.0	0.0	25.514717607352885	0.0	sub-AS16M3	4	g	AS16M3	M	Lecanemab	14.0	App-NLGF	647 IBA1, Se tau Gp- 561 A-beta red X Rb, 488 CD31 goat	Y		Bubble in left lateral ventricle.
0	Unknown_Label_0	2450695.0	Abeta	454.0	0.0			6925079.0	Iba1	100.0	0.0			Abeta_2802	Iba1_4829	Abeta	Iba1	0.0076379637844585	0.0082147715041612	234.0	290.5	0.0046247642517826	0.7046268078047649	2.0			sub-AS16M4	4	h	AS16M4	M	Lecanemab	14.0	App-NLGF	647 IBA1, Se tau Gp- 561 A-beta red X Rb, 488 CD31 goat	Y		Right posterior cortical tissue damage.
1	L_Isocortex	1823792.0	Abeta	622.0	10.608740000384907	59.37449161543868	10.475879170951355	4438119.0	Iba1	20.0	22.31743124562968	59.374491615438686	0.3368449894196577	0	0	0	0	0.0	0.0	0.0	0.0	0.0	0.0	0.0	59.37449161543868	0.0	sub-AS16M4	4	h	AS16M4	M	Lecanemab	14.0	App-NLGF	647 IBA1, Se tau Gp- 561 A-beta red X Rb, 488 CD31 goat	Y		Right posterior cortical tissue damage.
2	R_Isocortex	1727683.0	Abeta	601.0	9.255340823673697	57.76749024820639	10.403775504487324	1698776.0	Iba1	22.0	23.02109295670636	57.76749024820639	0.3808370400977057	0	0	0	0	0.0	0.0	0.0	0.0	0.0	0.0	0.0	57.76749024820639	0.0	sub-AS16M4	4	h	AS16M4	M	Lecanemab	14.0	App-NLGF	647 IBA1, Se tau Gp- 561 A-beta red X Rb, 488 CD31 goat	Y		Right posterior cortical tissue damage.
3	L_Olfactory areas	698193.0	Abeta	270.0	8.710592691505424	21.821356915869632	12.37319938631506	779220.0	Iba1	18.0	22.59090234685239	21.821356915869632	0.8248799590876706	0	0	0	0	0.0	0.0	0.0	0.0	0.0	0.0	0.0	21.821356915869632	0.0	sub-AS16M4	4	h	AS16M4	M	Lecanemab	14.0	App-NLGF	647 IBA1, Se tau Gp- 561 A-beta red X Rb, 488 CD31 goat	Y		Right posterior cortical tissue damage.
4	R_Olfactory areas	765009.0	Abeta	276.0	7.592923945491112	21.117079710841782	13.069989022123076	2797094.0	Iba1	19.0	26.28746133241944	21.117079710841782	0.8997456210881827	0	0	0	0	0.0	0.0	0.0	0.0	0.0	0.0	0.0	21.117079710841782	0.0	sub-AS16M4	4	h	AS16M4	M	Lecanemab	14.0	App-NLGF	647 IBA1, Se tau Gp- 561 A-beta red X Rb, 488 CD31 goat	Y		Right posterior cortical tissue damage.
5	L_Hippocampal formation	715749.0	Abeta	200.0	11.403874984482876	19.94430009251796	10.027927732346416	8516613.0	Iba1	8.0	25.89777794753779	19.94430009251796	0.4011171092938566	0	0	0	0	0.0	0.0	0.0	0.0	0.0	0.0	0.0	19.94430009251796	0.0	sub-AS16M4	4	h	AS16M4	M	Lecanemab	14.0	App-NLGF	647 IBA1, Se tau Gp- 561 A-beta red X Rb, 488 CD31 goat	Y		Right posterior cortical tissue damage.
6	R_Hippocampal formation	702976.0	Abeta	185.0	8.23010436740379	19.963154457931093	9.267072515511297	2679276.0	Iba1	4.0	27.55757379176127	19.963154457931093	0.2003691354705144	0	0	0	0	0.0	0.0	0.0	0.0	0.0	0.0	0.0	19.963154457931093	0.0	sub-AS16M4	4	h	AS16M4	M	Lecanemab	14.0	App-NLGF	647 IBA1, Se tau Gp- 561 A-beta red X Rb, 488 CD31 goat	Y		Right posterior cortical tissue damage.
7	L_Cortical subplate	135449.0	Abeta	82.0	9.46813086250286	4.162244001050199	19.700911330356924	1077155.0	Iba1	4.0	24.09508121711279	4.162244001050199	0.9610200648954595	0	0	0	0	0.0	0.0	0.0	0.0	0.0	0.0	0.0	4.162244001050199	0.0	sub-AS16M4	4	h	AS16M4	M	Lecanemab	14.0	App-NLGF	647 IBA1, Se tau Gp- 561 A-beta red X Rb, 488 CD31 goat	Y		Right posterior cortical tissue damage.
8	R_Cortical subplate	110998.0	Abeta	76.0	7.117515516611902	4.173099544772911	18.21188284262117	433.0	Iba1	2.0	24.45833333333333	4.173099544772911	0.4792600748058203	0	0	0	0	0.0	0.0	0.0	0.0	0.0	0.0	0.0	4.173099544772911	0.0	sub-AS16M4	4	h	AS16M4	M	Lecanemab	14.0	App-NLGF	647 IBA1, Se tau Gp- 561 A-beta red X Rb, 488 CD31 goat	Y		Right posterior cortical tissue damage.
9	L_Striatum	384455.0	Abeta	322.0	7.192388125910971	21.03671059766662	15.30657554588007	5414403.0	Iba1	10.0	29.275387247757088	21.03671059766662	0.4753594890024866	0	0	0	0	0.0	0.0	0.0	0.0	0.0	0.0	0.0	21.03671059766662	0.0	sub-AS16M4	4	h	AS16M4	M	Lecanemab	14.0	App-NLGF	647 IBA1, Se tau Gp- 561 A-beta red X Rb, 488 CD31 goat	Y		Right posterior cortical tissue damage.
10	R_Striatum	264002.0	Abeta	256.0	5.702404418243421	20.966244787536738	12.210102600355867	5815265.0	Iba1	17.0	28.661728238061933	20.966244787536738	0.8108271258048819	0	0	0	0	0.0	0.0	0.0	0.0	0.0	0.0	0.0	20.966244787536738	0.0	sub-AS16M4	4	h	AS16M4	M	Lecanemab	14.0	App-NLGF	647 IBA1, Se tau Gp- 561 A-beta red X Rb, 488 CD31 goat	Y		Right posterior cortical tissue damage.
11	L_Pallidum	117928.0	Abeta	50.0	5.542925974594831	4.347930933149213	11.499722688507594	2447.0	Iba1	7.0	24.89886114761279	4.347930933149213	1.6099611763910633	0	0	0	0	0.0	0.0	0.0	0.0	0.0	0.0	0.0	4.347930933149213	0.0	sub-AS16M4	4	h	AS16M4	M	Lecanemab	14.0	App-NLGF	647 IBA1, Se tau Gp- 561 A-beta red X Rb, 488 CD31 goat	Y		Right posterior cortical tissue damage.
12	R_Pallidum	87258.0	Abeta	45.0	4.684126710854782	4.424871979885625	10.169785748505015	4249.0	Iba1	8.0	23.54493414823104	4.424871979885625	1.807961910845336	0	0	0	0	0.0	0.0	0.0	0.0	0.0	0.0	0.0	4.424871979885625	0.0	sub-AS16M4	4	h	AS16M4	M	Lecanemab	14.0	App-NLGF	647 IBA1, Se tau Gp- 561 A-beta red X Rb, 488 CD31 goat	Y		Right posterior cortical tissue damage.
13	L_Thalamus	55025.0	Abeta	128.0	4.161090784127433	9.42127881436524	13.586265996589557	3099733.0	Iba1	1.0	27.622915361135256	9.42127881436524	0.1061427030983559	0	0	0	0	0.0	0.0	0.0	0.0	0.0	0.0	0.0	9.42127881436524	0.0	sub-AS16M4	4	h	AS16M4	M	Lecanemab	14.0	App-NLGF	647 IBA1, Se tau Gp- 561 A-beta red X Rb, 488 CD31 goat	Y		Right posterior cortical tissue damage.
14	R_Thalamus	39586.0	Abeta	89.0	3.264654243645505	9.545641446837708	9.323626965842514	5473.0	Iba1	8.0	28.25312238138941	9.545641446837708	0.8380788283903383	0	0	0	0	0.0	0.0	0.0	0.0	0.0	0.0	0.0	9.545641446837708	0.0	sub-AS16M4	4	h	AS16M4	M	Lecanemab	14.0	App-NLGF	647 IBA1, Se tau Gp- 561 A-beta red X Rb, 488 CD31 goat	Y		Right posterior cortical tissue damage.
15	L_Hypothalamus	73903.0	Abeta	75.0	4.525201504567437	7.088479602795169	10.580548185597598	8964.0	Iba1	16.0	20.326921010209563	7.088479602795169	2.257183612927488	0	0	0	0	0.0	0.0	0.0	0.0	0.0	0.0	0.0	7.088479602795169	0.0	sub-AS16M4	4	h	AS16M4	M	Lecanemab	14.0	App-NLGF	647 IBA1, Se tau Gp- 561 A-beta red X Rb, 488 CD31 goat	Y		Right posterior cortical tissue damage.
16	R_Hypothalamus	72403.0	Abeta	74.0	3.976242650988776	7.126569229892404	10.383677982051577	7419.0	Iba1	12.0	23.573703901656867	7.126569229892403	1.6838396727651204	0	0	0	0	0.0	0.0	0.0	0.0	0.0	0.0	0.0	7.126569229892403	0.0	sub-AS16M4	4	h	AS16M4	M	Lecanemab	14.0	App-NLGF	647 IBA1, Se tau Gp- 561 A-beta red X Rb, 488 CD31 goat	Y		Right posterior cortical tissue damage.
17	L_Midbrain	669009.0	Abeta	112.0	5.093248450326688	17.051773810754042	6.568231624639834	3501762.0	Iba1	5.0	26.3037248003574	17.051773810754042	0.2932246260999926	0	0	0	0	0.0	0.0	0.0	0.0	0.0	0.0	0.0	17.051773810754042	0.0	sub-AS16M4	4	h	AS16M4	M	Lecanemab	14.0	App-NLGF	647 IBA1, Se tau Gp- 561 A-beta red X Rb, 488 CD31 goat	Y		Right posterior cortical tissue damage.
18	R_Midbrain	66729.0	Abeta	121.0	4.841462744019797	17.316496719079815	6.98755654581557	5141.0	Iba1	12.0	25.515358812207865	17.316496719079815	0.6929808144610482	0	0	0	0	0.0	0.0	0.0	0.0	0.0	0.0	0.0	17.316496719079815	0.0	sub-AS16M4	4	h	AS16M4	M	Lecanemab	14.0	App-NLGF	647 IBA1, Se tau Gp- 561 A-beta red X Rb, 488 CD31 goat	Y		Right posterior cortical tissue damage.
19	L_Pons	51576.0	Abeta	76.0	2.9008213804094645	7.767427205803358	9.784449597830456	3242945.0	Iba1	11.0	27.193600588451645	7.767427205803358	1.4161703365280922	0	0	0	0	0.0	0.0	0.0	0.0	0.0	0.0	0.0	7.767427205803358	0.0	sub-AS16M4	4	h	AS16M4	M	Lecanemab	14.0	App-NLGF	647 IBA1, Se tau Gp- 561 A-beta red X Rb, 488 CD31 goat	Y		Right posterior cortical tissue damage.
20	R_Pons	40389.0	Abeta	74.0	2.65945880354326	7.847415422707549	9.42985633026016	3990.0	Iba1	10.0	23.43368523237471	7.847415422707549	1.2743049094946164	0	0	0	0	0.0	0.0	0.0	0.0	0.0	0.0	0.0	7.847415422707549	0.0	sub-AS16M4	4	h	AS16M4	M	Lecanemab	14.0	App-NLGF	647 IBA1, Se tau Gp- 561 A-beta red X Rb, 488 CD31 goat	Y		Right posterior cortical tissue damage.
21	L_Medulla	132212.0	Abeta	152.0	3.5814601344860706	13.877955632877056	10.952621842939896	2937613.0	Iba1	15.0	25.90167421435433	13.877955632877056	1.0808508397638057	0	0	0	0	0.0	0.0	0.0	0.0	0.0	0.0	0.0	13.877955632877056	0.0	sub-AS16M4	4	h	AS16M4	M	Lecanemab	14.0	App-NLGF	647 IBA1, Se tau Gp- 561 A-beta red X Rb, 488 CD31 goat	Y		Right posterior cortical tissue damage.
22	R_Medulla	112145.0	Abeta	135.0	4.116544179054618	13.682555845868247	9.866577671653811	1062.0	Iba1	4.0	27.729497244028728	13.682555845868247	0.2923430421230759	0	0	0	0	0.0	0.0	0.0	0.0	0.0	0.0	0.0	13.682555845868247	0.0	sub-AS16M4	4	h	AS16M4	M	Lecanemab	14.0	App-NLGF	647 IBA1, Se tau Gp- 561 A-beta red X Rb, 488 CD31 goat	Y		Right posterior cortical tissue damage.
23	L_Cerebellum	685497.0	Abeta	131.0	7.97574697787577	25.049643260495664	5.229615393628878	4056864.0	Iba1	7.0	33.8637725233787	25.049643260495664	0.279445097369482	0	0	0	0	0.0	0.0	0.0	0.0	0.0	0.0	0.0	25.049643260495664	0.0	sub-AS16M4	4	h	AS16M4	M	Lecanemab	14.0	App-NLGF	647 IBA1, Se tau Gp- 561 A-beta red X Rb, 488 CD31 goat	Y		Right posterior cortical tissue damage.
24	R_Cerebellum	388394.0	Abeta	94.0	7.458258352828264	25.39968693351924	3.700833016014496	2177020.0	Iba1	7.0	35.18400215943855	25.39968693351924	0.2755939480010795	0	0	0	0	0.0	0.0	0.0	0.0	0.0	0.0	0.0	25.39968693351924	0.0	sub-AS16M4	4	h	AS16M4	M	Lecanemab	14.0	App-NLGF	647 IBA1, Se tau Gp- 561 A-beta red X Rb, 488 CD31 goat	Y		Right posterior cortical tissue damage.
0	Unknown_Label_0	2356152.0	Abeta	614.0	0.0			13967035.0	Iba1	169.0	0.0			Abeta_2716	Iba1_5388	Abeta	Iba1	0.0081318489561567	0.0087940990818681	285.0	378.0	0.0035231951040362	0.790512783117752	2.0			sub-AS17F5	4	d	AS17F5	F	Lecanemab	14.0	App-NLGF	647 IBA1, Se tau Gp- 561 A-beta red X Rb, 488 CD31 goat	Y		Some damage to left olfactory bulb
1	L_Isocortex	2476822.0	Abeta	575.0	12.213962773379912	58.004217280615705	9.913072306764114	4935348.0	Iba1	44.0	21.313671540252223	58.0042172806157	0.7585655330393409	0	0	0	0	0.0	0.0	0.0	0.0	0.0	0.0	0.0	58.0042172806157	0.0	sub-AS17F5	4	d	AS17F5	F	Lecanemab	14.0	App-NLGF	647 IBA1, Se tau Gp- 561 A-beta red X Rb, 488 CD31 goat	Y		Some damage to left olfactory bulb
2	R_Isocortex	2080226.0	Abeta	539.0	12.310761082867227	58.32683642212927	9.241029225365338	2451227.0	Iba1	50.0	21.94424690051949	58.32683642212928	0.857238332594187	0	0	0	0	0.0	0.0	0.0	0.0	0.0	0.0	0.0	58.32683642212927	0.0	sub-AS17F5	4	d	AS17F5	F	Lecanemab	14.0	App-NLGF	647 IBA1, Se tau Gp- 561 A-beta red X Rb, 488 CD31 goat	Y		Some damage to left olfactory bulb
3	L_Olfactory areas	350372.0	Abeta	302.0	10.061754659056517	22.022470146943025	13.713266404037835	4221191.0	Iba1	17.0	20.54184286764388	22.022470146943025	0.7719388373133882	0	0	0	0	0.0	0.0	0.0	0.0	0.0	0.0	0.0	22.022470146943025	0.0	sub-AS17F5	4	d	AS17F5	F	Lecanemab	14.0	App-NLGF	647 IBA1, Se tau Gp- 561 A-beta red X Rb, 488 CD31 goat	Y		Some damage to left olfactory bulb
4	R_Olfactory areas	989521.0	Abeta	276.0	10.671318592166813	22.06646366624033	12.50766793331977	1885654.0	Iba1	15.0	26.19926466780592	22.06646366624033	0.6797645615934658	0	0	0	0	0.0	0.0	0.0	0.0	0.0	0.0	0.0	22.06646366624033	0.0	sub-AS17F5	4	d	AS17F5	F	Lecanemab	14.0	App-NLGF	647 IBA1, Se tau Gp- 561 A-beta red X Rb, 488 CD31 goat	Y		Some damage to left olfactory bulb
5	L_Hippocampal formation	1236283.0	Abeta	175.0	11.998210080075363	20.21606958185672	8.656479900378704	4068.0	Iba1	12.0	27.68975035327367	20.21606958185672	0.5935871931688255	0	0	0	0	0.0	0.0	0.0	0.0	0.0	0.0	0.0	20.21606958185672	0.0	sub-AS17F5	4	d	AS17F5	F	Lecanemab	14.0	App-NLGF	647 IBA1, Se tau Gp- 561 A-beta red X Rb, 488 CD31 goat	Y		Some damage to left olfactory bulb
6	R_Hippocampal formation	1036926.0	Abeta	165.0	9.756345897501348	20.14503242732038	8.190604834978055	4962597.0	Iba1	21.0	26.63235864129253	20.14503242732038	1.0424406153608432	0	0	0	0	0.0	0.0	0.0	0.0	0.0	0.0	0.0	20.14503242732038	0.0	sub-AS17F5	4	d	AS17F5	F	Lecanemab	14.0	App-NLGF	647 IBA1, Se tau Gp- 561 A-beta red X Rb, 488 CD31 goat	Y		Some damage to left olfactory bulb
7	L_Cortical subplate	279515.0	Abeta	63.0	8.181624994348239	4.212141412547576	14.956762802960244	1777756.0	Iba1	5.0	23.506623863996023	4.212141412547576	1.1870446669016068	0	0	0	0	0.0	0.0	0.0	0.0	0.0	0.0	0.0	4.212141412547576	0.0	sub-AS17F5	4	d	AS17F5	F	Lecanemab	14.0	App-NLGF	647 IBA1, Se tau Gp- 561 A-beta red X Rb, 488 CD31 goat	Y		Some damage to left olfactory bulb
8	R_Cortical subplate	107954.0	Abeta	73.0	9.0776162659059	4.205666175941046	17.3575355118778	515.0	Iba1	1.0	26.27700040755332	4.205666175941046	0.2377744590668191	0	0	0	0	0.0	0.0	0.0	0.0	0.0	0.0	0.0	4.205666175941046	0.0	sub-AS17F5	4	d	AS17F5	F	Lecanemab	14.0	App-NLGF	647 IBA1, Se tau Gp- 561 A-beta red X Rb, 488 CD31 goat	Y		Some damage to left olfactory bulb
9	L_Striatum	387659.0	Abeta	312.0	6.217394026113396	21.29591051006329	14.65070018267431	1643.0	Iba1	3.0	30.9230727955643	21.29591051006329	0.1408721171410991	0	0	0	0	0.0	0.0	0.0	0.0	0.0	0.0	0.0	21.29591051006329	0.0	sub-AS17F5	4	d	AS17F5	F	Lecanemab	14.0	App-NLGF	647 IBA1, Se tau Gp- 561 A-beta red X Rb, 488 CD31 goat	Y		Some damage to left olfactory bulb
10	R_Striatum	346453.0	Abeta	349.0	6.631352135894495	21.25705909042412	16.418075450390855	2411815.0	Iba1	6.0	31.866775372706417	21.25705909042412	0.2822591767975504	0	0	0	0	0.0	0.0	0.0	0.0	0.0	0.0	0.0	21.25705909042412	0.0	sub-AS17F5	4	d	AS17F5	F	Lecanemab	14.0	App-NLGF	647 IBA1, Se tau Gp- 561 A-beta red X Rb, 488 CD31 goat	Y		Some damage to left olfactory bulb
11	L_Pallidum	77549.0	Abeta	43.0	5.081001344960736	4.389639074820684	9.795793974646203	261.0	Iba1	1.0	30.519068072367563	4.389639074820684	0.2278091622010745	0	0	0	0	0.0	0.0	0.0	0.0	0.0	0.0	0.0	4.389639074820684	0.0	sub-AS17F5	4	d	AS17F5	F	Lecanemab	14.0	App-NLGF	647 IBA1, Se tau Gp- 561 A-beta red X Rb, 488 CD31 goat	Y		Some damage to left olfactory bulb
12	R_Pallidum	61544.0	Abeta	58.0	4.73470081114367	4.484482246292796	12.933488597919434	0.0	0	0.0	30.28661825285599	4.484482246292796	0.0	0	0	0	0	0.0	0.0	0.0	0.0	0.0	0.0	0.0	4.484482246292796	0.0	sub-AS17F5	4	d	AS17F5	F	Lecanemab	14.0	App-NLGF	647 IBA1, Se tau Gp- 561 A-beta red X Rb, 488 CD31 goat	Y		Some damage to left olfactory bulb
13	L_Thalamus	88543.0	Abeta	131.0	4.673301896257651	9.490982831953175	13.802574751158954	5385024.0	Iba1	2.0	31.091983545700813	9.490982831953175	0.2107263320787626	0	0	0	0	0.0	0.0	0.0	0.0	0.0	0.0	0.0	9.490982831953175	0.0	sub-AS17F5	4	d	AS17F5	F	Lecanemab	14.0	App-NLGF	647 IBA1, Se tau Gp- 561 A-beta red X Rb, 488 CD31 goat	Y		Some damage to left olfactory bulb
14	R_Thalamus	73123.0	Abeta	146.0	4.196366867410406	9.645245821696973	15.136991083376342	0.0	0	0.0	32.341238029420474	9.645245821696973	0.0	0	0	0	0	0.0	0.0	0.0	0.0	0.0	0.0	0.0	9.645245821696973	0.0	sub-AS17F5	4	d	AS17F5	F	Lecanemab	14.0	App-NLGF	647 IBA1, Se tau Gp- 561 A-beta red X Rb, 488 CD31 goat	Y		Some damage to left olfactory bulb
15	L_Hypothalamus	82626.0	Abeta	63.0	5.114664461751841	7.140281495647407	8.823181556413948	2896316.0	Iba1	4.0	23.831243998719728	7.140281495647407	0.5602020035818379	0	0	0	0	0.0	0.0	0.0	0.0	0.0	0.0	0.0	7.140281495647407	0.0	sub-AS17F5	4	d	AS17F5	F	Lecanemab	14.0	App-NLGF	647 IBA1, Se tau Gp- 561 A-beta red X Rb, 488 CD31 goat	Y		Some damage to left olfactory bulb
16	R_Hypothalamus	81375.0	Abeta	77.0	4.418815827679962	7.2147467166225	10.672585334505916	756.0	Iba1	3.0	24.033656257424173	7.214746716622499	0.4158150130326981	0	0	0	0	0.0	0.0	0.0	0.0	0.0	0.0	0.0	7.214746716622499	0.0	sub-AS17F5	4	d	AS17F5	F	Lecanemab	14.0	App-NLGF	647 IBA1, Se tau Gp- 561 A-beta red X Rb, 488 CD31 goat	Y		Some damage to left olfactory bulb
17	L_Midbrain	703995.0	Abeta	183.0	5.903905628700184	17.242412394375698	10.613364059178446	5996281.0	Iba1	3.0	32.21006008659539	17.242412394375698	0.1739895747406302	0	0	0	0	0.0	0.0	0.0	0.0	0.0	0.0	0.0	17.242412394375698	0.0	sub-AS17F5	4	d	AS17F5	F	Lecanemab	14.0	App-NLGF	647 IBA1, Se tau Gp- 561 A-beta red X Rb, 488 CD31 goat	Y		Some damage to left olfactory bulb
18	R_Midbrain	75309.0	Abeta	146.0	5.384822108584485	17.504088132533692	8.340908643429385	3501.0	Iba1	10.0	30.44879773691655	17.504088132533692	0.5712951125636565	0	0	0	0	0.0	0.0	0.0	0.0	0.0	0.0	0.0	17.504088132533692	0.0	sub-AS17F5	4	d	AS17F5	F	Lecanemab	14.0	App-NLGF	647 IBA1, Se tau Gp- 561 A-beta red X Rb, 488 CD31 goat	Y		Some damage to left olfactory bulb
19	L_Pons	81163.0	Abeta	152.0	4.692029337478143	7.84189242677845	19.38307639632384	0.0	0	0.0	35.66419759082961	7.8418924267784496	0.0	0	0	0	0	0.0	0.0	0.0	0.0	0.0	0.0	0.0	7.8418924267784496	0.0	sub-AS17F5	4	d	AS17F5	F	Lecanemab	14.0	App-NLGF	647 IBA1, Se tau Gp- 561 A-beta red X Rb, 488 CD31 goat	Y		Some damage to left olfactory bulb
20	R_Pons	55621.0	Abeta	82.0	3.6559016039703662	7.943401282992576	10.323033808649226	0.0	0	0.0	35.0814212759836	7.943401282992577	0.0	0	0	0	0	0.0	0.0	0.0	0.0	0.0	0.0	0.0	7.943401282992577	0.0	sub-AS17F5	4	d	AS17F5	F	Lecanemab	14.0	App-NLGF	647 IBA1, Se tau Gp- 561 A-beta red X Rb, 488 CD31 goat	Y		Some damage to left olfactory bulb
21	L_Medulla	218938.0	Abeta	239.0	5.7821180782824975	14.548333069788368	16.427998922867435	3213.0	Iba1	10.0	30.34512370729153	14.548333069788368	0.6873639716680936	0	0	0	0	0.0	0.0	0.0	0.0	0.0	0.0	0.0	14.548333069788368	0.0	sub-AS17F5	4	d	AS17F5	F	Lecanemab	14.0	App-NLGF	647 IBA1, Se tau Gp- 561 A-beta red X Rb, 488 CD31 goat	Y		Some damage to left olfactory bulb
22	R_Medulla	115854.0	Abeta	150.0	4.708270560512998	14.790392649991285	10.141718583792189	1573489.0	Iba1	23.0	25.71803092929527	14.790392649991285	1.5550635161814688	0	0	0	0	0.0	0.0	0.0	0.0	0.0	0.0	0.0	14.790392649991285	0.0	sub-AS17F5	4	d	AS17F5	F	Lecanemab	14.0	App-NLGF	647 IBA1, Se tau Gp- 561 A-beta red X Rb, 488 CD31 goat	Y		Some damage to left olfactory bulb
23	L_Cerebellum	551428.0	Abeta	152.0	8.585221674876847	25.32293633491832	6.002463458015494	4521918.0	Iba1	6.0	28.02304365810552	25.32293633491832	0.2369393470269274	0	0	0	0	0.0	0.0	0.0	0.0	0.0	0.0	0.0	25.32293633491832	0.0	sub-AS17F5	4	d	AS17F5	F	Lecanemab	14.0	App-NLGF	647 IBA1, Se tau Gp- 561 A-beta red X Rb, 488 CD31 goat	Y		Some damage to left olfactory bulb
24	R_Cerebellum	462066.0	Abeta	143.0	7.819383947552292	25.62174945949611	5.581195781578464	3875544.0	Iba1	15.0	28.329455750962584	25.62174945949611	0.58544011694879	0	0	0	0	0.0	0.0	0.0	0.0	0.0	0.0	0.0	25.62174945949611	0.0	sub-AS17F5	4	d	AS17F5	F	Lecanemab	14.0	App-NLGF	647 IBA1, Se tau Gp- 561 A-beta red X Rb, 488 CD31 goat	Y		Some damage to left olfactory bulb
0	Unknown_Label_0	5917965.0	Abeta	1020.0	0.0			10566440.0	Iba1	163.0	0.0			Abeta_2016	Iba1_7365	Abeta	Iba1	0.0384880322456436	0.0437768428168204	91831.16666666669	144532.66666666666	0.0282206406364766	0.6734835126572235	6.0			sub-AS17F7	4	a	AS17F7	F	PBS	14.0	App-NLGF	647 IBA1, Se tau Gp- 561 A-beta red X Rb, 488 CD31 goat	Y		
1	L_Isocortex	2392306.0	Abeta	464.0	12.35835192875042	58.292174861470784	7.959902012623118	238842.0	Iba1	5.0	23.42409312628439	58.29217486147079	0.0857748061705077	0	0	0	0	0.0	0.0	0.0	0.0	0.0	0.0	0.0	58.292174861470784	0.0	sub-AS17F7	4	a	AS17F7	F	PBS	14.0	App-NLGF	647 IBA1, Se tau Gp- 561 A-beta red X Rb, 488 CD31 goat	Y		
2	R_Isocortex	1860951.0	Abeta	408.0	16.713207691474242	59.76300581183046	6.826965853836519	788055.0	Iba1	29.0	23.8016010095538	59.76300581183046	0.4852500239246545	0	0	0	0	0.0	0.0	0.0	0.0	0.0	0.0	0.0	59.76300581183046	0.0	sub-AS17F7	4	a	AS17F7	F	PBS	14.0	App-NLGF	647 IBA1, Se tau Gp- 561 A-beta red X Rb, 488 CD31 goat	Y		
3	L_Olfactory areas	2626521.0	Abeta	298.0	12.675125395707266	22.439932459928706	13.279897367433822	5280305.0	Iba1	3.0	25.12978349614265	22.439932459928706	0.1336902419540317	0	0	0	0	0.0	0.0	0.0	0.0	0.0	0.0	0.0	22.439932459928706	0.0	sub-AS17F7	4	a	AS17F7	F	PBS	14.0	App-NLGF	647 IBA1, Se tau Gp- 561 A-beta red X Rb, 488 CD31 goat	Y		
4	R_Olfactory areas	1228674.0	Abeta	260.0	12.47703904463454	22.486211356851843	11.5626414727608	1941942.0	Iba1	15.0	25.889955111374608	22.486211356851843	0.6670754695823538	0	0	0	0	0.0	0.0	0.0	0.0	0.0	0.0	0.0	22.486211356851843	0.0	sub-AS17F7	4	a	AS17F7	F	PBS	14.0	App-NLGF	647 IBA1, Se tau Gp- 561 A-beta red X Rb, 488 CD31 goat	Y		
5	L_Hippocampal formation	236119.0	Abeta	167.0	10.899036233898618	20.551258300312377	8.126023115453792	3887669.0	Iba1	2.0	28.7699564451858	20.551258300312377	0.097317642101243	0	0	0	0	0.0	0.0	0.0	0.0	0.0	0.0	0.0	20.551258300312377	0.0	sub-AS17F7	4	a	AS17F7	F	PBS	14.0	App-NLGF	647 IBA1, Se tau Gp- 561 A-beta red X Rb, 488 CD31 goat	Y		
6	R_Hippocampal formation	1814480.0	Abeta	163.0	14.678763019633148	20.66171821889436	7.888985720991135	4926912.0	Iba1	8.0	28.27235689925339	20.66171821889436	0.3871894832388287	0	0	0	0	0.0	0.0	0.0	0.0	0.0	0.0	0.0	20.66171821889436	0.0	sub-AS17F7	4	a	AS17F7	F	PBS	14.0	App-NLGF	647 IBA1, Se tau Gp- 561 A-beta red X Rb, 488 CD31 goat	Y		
7	L_Cortical subplate	43480.0	Abeta	74.0	8.736148935220323	4.265847786754675	17.3470793378441	1849546.0	Iba1	1.0	24.30970132595205	4.265847786754675	0.2344199910519473	0	0	0	0	0.0	0.0	0.0	0.0	0.0	0.0	0.0	4.265847786754675	0.0	sub-AS17F7	4	a	AS17F7	F	PBS	14.0	App-NLGF	647 IBA1, Se tau Gp- 561 A-beta red X Rb, 488 CD31 goat	Y		
8	R_Cortical subplate	41757.0	Abeta	76.0	10.172291768036448	4.305460998935798	17.652000568298096	1976437.0	Iba1	4.0	24.02220551156721	4.305460998935798	0.9290526614893736	0	0	0	0	0.0	0.0	0.0	0.0	0.0	0.0	0.0	4.305460998935798	0.0	sub-AS17F7	4	a	AS17F7	F	PBS	14.0	App-NLGF	647 IBA1, Se tau Gp- 561 A-beta red X Rb, 488 CD31 goat	Y		
9	L_Striatum	331883.0	Abeta	353.0	7.712713018578014	21.81469123112761	16.1817555087051	4617563.0	Iba1	2.0	31.239209386785863	21.81469123112761	0.091681334326941	0	0	0	0	0.0	0.0	0.0	0.0	0.0	0.0	0.0	21.81469123112761	0.0	sub-AS17F7	4	a	AS17F7	F	PBS	14.0	App-NLGF	647 IBA1, Se tau Gp- 561 A-beta red X Rb, 488 CD31 goat	Y		
10	R_Striatum	397294.0	Abeta	545.0	10.28054433191653	21.77622070775941	25.027299608779355	5744857.0	Iba1	14.0	31.14599184901436	21.77622070775941	0.6429031092163504	0	0	0	0	0.0	0.0	0.0	0.0	0.0	0.0	0.0	21.77622070775941	0.0	sub-AS17F7	4	a	AS17F7	F	PBS	14.0	App-NLGF	647 IBA1, Se tau Gp- 561 A-beta red X Rb, 488 CD31 goat	Y		
11	L_Pallidum	67865.0	Abeta	92.0	9.230563344379302	4.48276821307342	20.52303300708116	0.0	0	0.0	31.773770073923018	4.48276821307342	0.0	0	0	0	0	0.0	0.0	0.0	0.0	0.0	0.0	0.0	4.48276821307342	0.0	sub-AS17F7	4	a	AS17F7	F	PBS	14.0	App-NLGF	647 IBA1, Se tau Gp- 561 A-beta red X Rb, 488 CD31 goat	Y		
12	R_Pallidum	115484.0	Abeta	126.0	10.23874192876484	4.57170749234546	27.560818405588147	0.0	0	0.0	29.727431785044782	4.57170749234546	0.0	0	0	0	0	0.0	0.0	0.0	0.0	0.0	0.0	0.0	4.57170749234546	0.0	sub-AS17F7	4	a	AS17F7	F	PBS	14.0	App-NLGF	647 IBA1, Se tau Gp- 561 A-beta red X Rb, 488 CD31 goat	Y		
13	L_Thalamus	156871.0	Abeta	237.0	8.424636886818307	9.729233449446374	24.35957583210073	321.0	Iba1	1.0	28.97122499314881	9.729233449446374	0.1027830203886107	0	0	0	0	0.0	0.0	0.0	0.0	0.0	0.0	0.0	9.729233449446374	0.0	sub-AS17F7	4	a	AS17F7	F	PBS	14.0	App-NLGF	647 IBA1, Se tau Gp- 561 A-beta red X Rb, 488 CD31 goat	Y		
14	R_Thalamus	199033.0	Abeta	272.0	10.520798829102954	9.889209883254754	27.50472517127717	536.0	Iba1	2.0	29.970669799329816	9.889209883254754	0.2022406262593909	0	0	0	0	0.0	0.0	0.0	0.0	0.0	0.0	0.0	9.889209883254754	0.0	sub-AS17F7	4	a	AS17F7	F	PBS	14.0	App-NLGF	647 IBA1, Se tau Gp- 561 A-beta red X Rb, 488 CD31 goat	Y		
15	L_Hypothalamus	123910.0	Abeta	237.0	9.822829531875096	7.331110527404547	32.327980749173854	5492441.0	Iba1	6.0	23.56595833116849	7.331110527404547	0.8184298923841482	0	0	0	0	0.0	0.0	0.0	0.0	0.0	0.0	0.0	7.331110527404547	0.0	sub-AS17F7	4	a	AS17F7	F	PBS	14.0	App-NLGF	647 IBA1, Se tau Gp- 561 A-beta red X Rb, 488 CD31 goat	Y		
16	R_Hypothalamus	254129.0	Abeta	206.0	10.431769998448727	7.366152984334002	27.965750974506147	2355.0	Iba1	8.0	25.01957184963028	7.366152984334002	1.0860485815342191	0	0	0	0	0.0	0.0	0.0	0.0	0.0	0.0	0.0	7.366152984334002	0.0	sub-AS17F7	4	a	AS17F7	F	PBS	14.0	App-NLGF	647 IBA1, Se tau Gp- 561 A-beta red X Rb, 488 CD31 goat	Y		
17	L_Midbrain	301520.0	Abeta	421.0	12.257644186096766	17.626736731786785	23.884171324848744	5533031.0	Iba1	3.0	30.352205199126995	17.626736731786785	0.1701959951889459	0	0	0	0	0.0	0.0	0.0	0.0	0.0	0.0	0.0	17.626736731786785	0.0	sub-AS17F7	4	a	AS17F7	F	PBS	14.0	App-NLGF	647 IBA1, Se tau Gp- 561 A-beta red X Rb, 488 CD31 goat	Y		
18	R_Midbrain	241392.0	Abeta	447.0	11.766107603681736	17.918503275351593	24.946280006259567	1221.0	Iba1	5.0	29.836096762536403	17.918503275351593	0.2790411633809795	0	0	0	0	0.0	0.0	0.0	0.0	0.0	0.0	0.0	17.918503275351593	0.0	sub-AS17F7	4	a	AS17F7	F	PBS	14.0	App-NLGF	647 IBA1, Se tau Gp- 561 A-beta red X Rb, 488 CD31 goat	Y		
19	L_Pons	186188.0	Abeta	209.0	10.458172060883811	8.020342329728988	26.058738069733018	473.0	Iba1	2.0	34.4352337757937	8.020342329728988	0.2493659145428997	0	0	0	0	0.0	0.0	0.0	0.0	0.0	0.0	0.0	8.020342329728988	0.0	sub-AS17F7	4	a	AS17F7	F	PBS	14.0	App-NLGF	647 IBA1, Se tau Gp- 561 A-beta red X Rb, 488 CD31 goat	Y		
20	R_Pons	242200.0	Abeta	225.0	10.33477569350236	8.142419584575622	27.63306381634064	305.0	Iba1	1.0	31.24778968049773	8.142419584575622	0.1228136169615139	0	0	0	0	0.0	0.0	0.0	0.0	0.0	0.0	0.0	8.142419584575622	0.0	sub-AS17F7	4	a	AS17F7	F	PBS	14.0	App-NLGF	647 IBA1, Se tau Gp- 561 A-beta red X Rb, 488 CD31 goat	Y		
21	L_Medulla	344995.0	Abeta	302.0	10.883439108171268	14.914183938057294	20.249180327551883	2853057.0	Iba1	12.0	25.42100088110228	14.914183938057295	0.8046031918232533	0	0	0	0	0.0	0.0	0.0	0.0	0.0	0.0	0.0	14.914183938057295	0.0	sub-AS17F7	4	a	AS17F7	F	PBS	14.0	App-NLGF	647 IBA1, Se tau Gp- 561 A-beta red X Rb, 488 CD31 goat	Y		
22	R_Medulla	390415.0	Abeta	315.0	11.037826010412212	15.144816630131045	20.7991953744292	1227822.0	Iba1	7.0	26.95689243228289	15.144816630131045	0.4622043416539821	0	0	0	0	0.0	0.0	0.0	0.0	0.0	0.0	0.0	15.144816630131045	0.0	sub-AS17F7	4	a	AS17F7	F	PBS	14.0	App-NLGF	647 IBA1, Se tau Gp- 561 A-beta red X Rb, 488 CD31 goat	Y		
23	L_Cerebellum	2619254.0	Abeta	209.0	13.649030086075724	25.90913569594474	8.066652722526454	7898693.0	Iba1	13.0	31.22797938886969	25.909135695944745	0.5017535186260473	0	0	0	0	0.0	0.0	0.0	0.0	0.0	0.0	0.0	25.90913569594474	0.0	sub-AS17F7	4	a	AS17F7	F	PBS	14.0	App-NLGF	647 IBA1, Se tau Gp- 561 A-beta red X Rb, 488 CD31 goat	Y		
24	R_Cerebellum	223405.0	Abeta	205.0	13.302515572418104	26.20242582459344	7.823703094222224	542851.0	Iba1	7.0	32.98068075270928	26.20242582459344	0.2671508373636856	0	0	0	0	0.0	0.0	0.0	0.0	0.0	0.0	0.0	26.20242582459344	0.0	sub-AS17F7	4	a	AS17F7	F	PBS	14.0	App-NLGF	647 IBA1, Se tau Gp- 561 A-beta red X Rb, 488 CD31 goat	Y		
0	Unknown_Label_0	1643142.0	Abeta	328.0	0.0			11649151.0	Iba1	92.0	0.0			Abeta_3291	Iba1_5192	Abeta	Iba1	0.0081115026754127	0.0079214853484268	281.5	260.5	0.0050310746714528	0.68919382375029	2.0			sub-AS37F3	3	F	AS37F3	F	Lecanemab	14.0	App-NLGF	647 IBA1, Se tau Gp- 561 A-beta red X Rb, 488 CD31 goat	Y		
1	L_Isocortex	796828.0	Abeta	992.0	6.697918344751634	65.02108838446807	15.256588664501104	4414240.0	Iba1	4.0	25.421518345923243	65.02108838446807	0.0615185026794399	0	0	0	0	0.0	0.0	0.0	0.0	0.0	0.0	0.0	65.02108838446807	0.0	sub-AS37F3	3	F	AS37F3	F	Lecanemab	14.0	App-NLGF	647 IBA1, Se tau Gp- 561 A-beta red X Rb, 488 CD31 goat	Y		
2	R_Isocortex	1308148.0	Abeta	1036.0	8.306393528337024	64.83578234864002	15.97883086270387	3573605.0	Iba1	4.0	27.08648564496325	64.83578234864002	0.0616943276552272	0	0	0	0	0.0	0.0	0.0	0.0	0.0	0.0	0.0	64.83578234864002	0.0	sub-AS37F3	3	F	AS37F3	F	Lecanemab	14.0	App-NLGF	647 IBA1, Se tau Gp- 561 A-beta red X Rb, 488 CD31 goat	Y		
3	L_Olfactory areas	816068.0	Abeta	287.0	9.652868480277965	24.11739963729088	11.900122082657452	5124871.0	Iba1	8.0	28.724452165673	24.11739963729088	0.3317107200740753	0	0	0	0	0.0	0.0	0.0	0.0	0.0	0.0	0.0	24.11739963729088	0.0	sub-AS37F3	3	F	AS37F3	F	Lecanemab	14.0	App-NLGF	647 IBA1, Se tau Gp- 561 A-beta red X Rb, 488 CD31 goat	Y		
4	R_Olfactory areas	679737.0	Abeta	286.0	9.78236140009801	23.706412560911723	12.064246298976952	1616919.0	Iba1	4.0	28.131405801875044	23.706412560911723	0.1687307174682091	0	0	0	0	0.0	0.0	0.0	0.0	0.0	0.0	0.0	23.706412560911723	0.0	sub-AS37F3	3	F	AS37F3	F	Lecanemab	14.0	App-NLGF	647 IBA1, Se tau Gp- 561 A-beta red X Rb, 488 CD31 goat	Y		
5	L_Hippocampal formation	587526.0	Abeta	258.0	7.248290525599592	22.39289177046362	11.521513283974508	3415908.0	Iba1	1.0	28.604073822078583	22.39289177046362	0.0446570282324593	0	0	0	0	0.0	0.0	0.0	0.0	0.0	0.0	0.0	22.39289177046362	0.0	sub-AS37F3	3	F	AS37F3	F	Lecanemab	14.0	App-NLGF	647 IBA1, Se tau Gp- 561 A-beta red X Rb, 488 CD31 goat	Y		
6	R_Hippocampal formation	347484.0	Abeta	234.0	6.386432526713292	22.493067489729345	10.40320534790765	7403524.0	Iba1	3.0	28.828112034951648	22.493067489729345	0.1333744275372775	0	0	0	0	0.0	0.0	0.0	0.0	0.0	0.0	0.0	22.493067489729345	0.0	sub-AS37F3	3	F	AS37F3	F	Lecanemab	14.0	App-NLGF	647 IBA1, Se tau Gp- 561 A-beta red X Rb, 488 CD31 goat	Y		
7	L_Cortical subplate	83374.0	Abeta	96.0	6.95927472167649	4.653028846198054	20.63172251305528	1394648.0	Iba1	3.0	25.664783889980352	4.653028846198054	0.6447413285329774	0	0	0	0	0.0	0.0	0.0	0.0	0.0	0.0	0.0	4.653028846198054	0.0	sub-AS37F3	3	F	AS37F3	F	Lecanemab	14.0	App-NLGF	647 IBA1, Se tau Gp- 561 A-beta red X Rb, 488 CD31 goat	Y		
8	R_Cortical subplate	36887.0	Abeta	96.0	5.8791705707418425	4.674930381778964	20.535065158225706	0.0	0	0.0	25.93033771947692	4.674930381778964	0.0	0	0	0	0	0.0	0.0	0.0	0.0	0.0	0.0	0.0	4.674930381778964	0.0	sub-AS37F3	3	F	AS37F3	F	Lecanemab	14.0	App-NLGF	647 IBA1, Se tau Gp- 561 A-beta red X Rb, 488 CD31 goat	Y		
9	L_Striatum	184634.0	Abeta	262.0	4.539017530088959	23.29256876250028	11.24822267013354	3006092.0	Iba1	7.0	28.45990319204605	23.29256876250028	0.3005250331715068	0	0	0	0	0.0	0.0	0.0	0.0	0.0	0.0	0.0	23.29256876250028	0.0	sub-AS37F3	3	F	AS37F3	F	Lecanemab	14.0	App-NLGF	647 IBA1, Se tau Gp- 561 A-beta red X Rb, 488 CD31 goat	Y		
10	R_Striatum	202501.0	Abeta	225.0	3.906256411939955	23.20477217204116	9.696281365395036	6799175.0	Iba1	2.0	28.362441830880723	23.20477217204116	0.0861891676924003	0	0	0	0	0.0	0.0	0.0	0.0	0.0	0.0	0.0	23.20477217204116	0.0	sub-AS37F3	3	F	AS37F3	F	Lecanemab	14.0	App-NLGF	647 IBA1, Se tau Gp- 561 A-beta red X Rb, 488 CD31 goat	Y		
11	L_Pallidum	78279.0	Abeta	43.0	3.9910836494466384	4.869949272516799	8.82966076108171	4747.0	Iba1	5.0	27.18047788510422	4.869949272516799	1.026704739660664	0	0	0	0	0.0	0.0	0.0	0.0	0.0	0.0	0.0	4.869949272516799	0.0	sub-AS37F3	3	F	AS37F3	F	Lecanemab	14.0	App-NLGF	647 IBA1, Se tau Gp- 561 A-beta red X Rb, 488 CD31 goat	Y		
12	R_Pallidum	34957.0	Abeta	42.0	4.347366419471382	5.007833722608785	8.386859933145002	389.0	Iba1	1.0	27.417189579768017	5.007833722608785	0.1996871412653572	0	0	0	0	0.0	0.0	0.0	0.0	0.0	0.0	0.0	5.007833722608785	0.0	sub-AS37F3	3	F	AS37F3	F	Lecanemab	14.0	App-NLGF	647 IBA1, Se tau Gp- 561 A-beta red X Rb, 488 CD31 goat	Y		
13	L_Thalamus	14614.0	Abeta	29.0	2.060250053890925	10.601866806243994	2.735367320679825	5005.0	Iba1	11.0	23.04681324998204	10.601866806243995	1.0375531216371745	0	0	0	0	0.0	0.0	0.0	0.0	0.0	0.0	0.0	10.601866806243995	0.0	sub-AS37F3	3	F	AS37F3	F	Lecanemab	14.0	App-NLGF	647 IBA1, Se tau Gp- 561 A-beta red X Rb, 488 CD31 goat	Y		
14	R_Thalamus	11442.0	Abeta	38.0	2.2877764676456924	10.660143935702765	3.564679823199298	2249.0	Iba1	6.0	23.793779254653945	10.660143935702765	0.5628441826104155	0	0	0	0	0.0	0.0	0.0	0.0	0.0	0.0	0.0	10.660143935702765	0.0	sub-AS37F3	3	F	AS37F3	F	Lecanemab	14.0	App-NLGF	647 IBA1, Se tau Gp- 561 A-beta red X Rb, 488 CD31 goat	Y		
15	L_Hypothalamus	30666.0	Abeta	57.0	2.4708021287355213	7.9087397223340945	7.207216573208667	2486003.0	Iba1	12.0	23.13463529751728	7.9087397223340945	1.5173087522544564	0	0	0	0	0.0	0.0	0.0	0.0	0.0	0.0	0.0	7.9087397223340945	0.0	sub-AS37F3	3	F	AS37F3	F	Lecanemab	14.0	App-NLGF	647 IBA1, Se tau Gp- 561 A-beta red X Rb, 488 CD31 goat	Y		
16	R_Hypothalamus	40195.0	Abeta	59.0	2.9673321234119783	7.975206121618767	7.397927915626647	482.0	Iba1	2.0	25.27163530423154	7.975206121618767	0.2507772174788694	0	0	0	0	0.0	0.0	0.0	0.0	0.0	0.0	0.0	7.975206121618767	0.0	sub-AS37F3	3	F	AS37F3	F	Lecanemab	14.0	App-NLGF	647 IBA1, Se tau Gp- 561 A-beta red X Rb, 488 CD31 goat	Y		
17	L_Midbrain	279454.0	Abeta	97.0	3.287386733242488	19.147084197372862	5.066045513776411	4374276.0	Iba1	33.0	23.84950814128132	19.147084197372862	1.7235000201507378	0	0	0	0	0.0	0.0	0.0	0.0	0.0	0.0	0.0	19.147084197372862	0.0	sub-AS37F3	3	F	AS37F3	F	Lecanemab	14.0	App-NLGF	647 IBA1, Se tau Gp- 561 A-beta red X Rb, 488 CD31 goat	Y		
18	R_Midbrain	64237.0	Abeta	134.0	4.025207365139126	19.424567130776207	6.89848062496543	8849.0	Iba1	18.0	24.899650959860384	19.424567130776207	0.9266615764878936	0	0	0	0	0.0	0.0	0.0	0.0	0.0	0.0	0.0	19.424567130776207	0.0	sub-AS37F3	3	F	AS37F3	F	Lecanemab	14.0	App-NLGF	647 IBA1, Se tau Gp- 561 A-beta red X Rb, 488 CD31 goat	Y		
19	L_Pons	4780.0	Abeta	12.0	0.7363485694347522	8.733189700853716	1.3740684000974963	1912797.0	Iba1	37.0	20.28048674110258	8.733189700853716	4.236710900300614	0	0	0	0	0.0	0.0	0.0	0.0	0.0	0.0	0.0	8.733189700853716	0.0	sub-AS37F3	3	F	AS37F3	F	Lecanemab	14.0	App-NLGF	647 IBA1, Se tau Gp- 561 A-beta red X Rb, 488 CD31 goat	Y		
20	R_Pons	25614.0	Abeta	32.0	1.4657274159097284	8.827080631648396	3.62520762360185	22859.0	Iba1	23.0	23.905521154717466	8.827080631648396	2.6056179794638297	0	0	0	0	0.0	0.0	0.0	0.0	0.0	0.0	0.0	8.827080631648396	0.0	sub-AS37F3	3	F	AS37F3	F	Lecanemab	14.0	App-NLGF	647 IBA1, Se tau Gp- 561 A-beta red X Rb, 488 CD31 goat	Y		
21	L_Medulla	95332.0	Abeta	76.0	2.6877817289391968	15.209949892467312	4.996729150149193	2080815.0	Iba1	26.0	23.92432134628869	15.20994989246731	1.7094073408405135	0	0	0	0	0.0	0.0	0.0	0.0	0.0	0.0	0.0	15.209949892467312	0.0	sub-AS37F3	3	F	AS37F3	F	Lecanemab	14.0	App-NLGF	647 IBA1, Se tau Gp- 561 A-beta red X Rb, 488 CD31 goat	Y		
22	R_Medulla	97390.0	Abeta	96.0	3.0983121736332806	15.390875621179172	6.237461880849438	1385446.0	Iba1	8.0	25.709753260573663	15.390875621179172	0.5197884900707865	0	0	0	0	0.0	0.0	0.0	0.0	0.0	0.0	0.0	15.390875621179172	0.0	sub-AS37F3	3	F	AS37F3	F	Lecanemab	14.0	App-NLGF	647 IBA1, Se tau Gp- 561 A-beta red X Rb, 488 CD31 goat	Y		
23	L_Cerebellum	771045.0	Abeta	98.0	5.951599375387826	27.92940951718201	3.508846112185472	1258398.0	Iba1	8.0	24.793639320563788	27.92940951718201	0.2864364173212629	0	0	0	0	0.0	0.0	0.0	0.0	0.0	0.0	0.0	27.92940951718201	0.0	sub-AS37F3	3	F	AS37F3	F	Lecanemab	14.0	App-NLGF	647 IBA1, Se tau Gp- 561 A-beta red X Rb, 488 CD31 goat	Y		
24	R_Cerebellum	587191.0	Abeta	141.0	6.974316475994125	28.26669316512801	4.988202871001145	57910.0	Iba1	9.0	28.31099836951396	28.26669316512801	0.3183959279362433	0	0	0	0	0.0	0.0	0.0	0.0	0.0	0.0	0.0	28.26669316512801	0.0	sub-AS37F3	3	F	AS37F3	F	Lecanemab	14.0	App-NLGF	647 IBA1, Se tau Gp- 561 A-beta red X Rb, 488 CD31 goat	Y		
0	Unknown_Label_0	2183217.0	Abeta	430.0	0.0			11477752.0	Iba1	73.0	0.0			Abeta_2808	Iba1_5110	Abeta	Iba1	0.017587162971478	0.0180375444540783	13565.25	12427.25	0.0156264121094495	0.6336253918232371	4.0			sub-AS37F4	3	H	AS37F4	F	Lecanemab	14.0	App-NLGF	647 IBA1, Se tau Gp- 561 A-beta red X Rb, 488 CD31 goat	Y		
1	L_Isocortex	1656007.0	Abeta	835.0	8.523804841713222	63.9191554725451	13.063376601692644	6892143.0	Iba1	3.0	26.999538175046563	63.9191554725451	0.0469342871917101	0	0	0	0	0.0	0.0	0.0	0.0	0.0	0.0	0.0	63.9191554725451	0.0	sub-AS37F4	3	H	AS37F4	F	Lecanemab	14.0	App-NLGF	647 IBA1, Se tau Gp- 561 A-beta red X Rb, 488 CD31 goat	Y		
2	R_Isocortex	1457386.0	Abeta	984.0	8.932398425313822	64.10008120125696	15.35099459407088	1090811.0	Iba1	2.0	27.94227735274456	64.10008120125696	0.0312012085245343	0	0	0	0	0.0	0.0	0.0	0.0	0.0	0.0	0.0	64.10008120125696	0.0	sub-AS37F4	3	H	AS37F4	F	Lecanemab	14.0	App-NLGF	647 IBA1, Se tau Gp- 561 A-beta red X Rb, 488 CD31 goat	Y		
3	L_Olfactory areas	227678.0	Abeta	267.0	8.315283941818652	23.515773977290067	11.354080893014638	1230880.0	Iba1	6.0	29.98813534614014	23.515773977290067	0.255147885236284	0	0	0	0	0.0	0.0	0.0	0.0	0.0	0.0	0.0	23.515773977290067	0.0	sub-AS37F4	3	H	AS37F4	F	Lecanemab	14.0	App-NLGF	647 IBA1, Se tau Gp- 561 A-beta red X Rb, 488 CD31 goat	Y		
4	R_Olfactory areas	321477.0	Abeta	287.0	8.956112600320381	23.65880052704018	12.130792500320595	877277.0	Iba1	4.0	29.662311735774026	23.65880052704018	0.1690702787501128	0	0	0	0	0.0	0.0	0.0	0.0	0.0	0.0	0.0	23.65880052704018	0.0	sub-AS37F4	3	H	AS37F4	F	Lecanemab	14.0	App-NLGF	647 IBA1, Se tau Gp- 561 A-beta red X Rb, 488 CD31 goat	Y		
5	L_Hippocampal formation	317725.0	Abeta	278.0	6.983068165231353	22.180922995667515	12.533292688239362	3961775.0	Iba1	3.0	30.166201584998323	22.180922995667515	0.1352513599450291	0	0	0	0	0.0	0.0	0.0	0.0	0.0	0.0	0.0	22.180922995667515	0.0	sub-AS37F4	3	H	AS37F4	F	Lecanemab	14.0	App-NLGF	647 IBA1, Se tau Gp- 561 A-beta red X Rb, 488 CD31 goat	Y		
6	R_Hippocampal formation	417486.0	Abeta	282.0	6.803400719547713	22.232915336655243	12.68389663388268	644259.0	Iba1	3.0	31.357452458454684	22.232915336655243	0.13493507057322	0	0	0	0	0.0	0.0	0.0	0.0	0.0	0.0	0.0	22.232915336655243	0.0	sub-AS37F4	3	H	AS37F4	F	Lecanemab	14.0	App-NLGF	647 IBA1, Se tau Gp- 561 A-beta red X Rb, 488 CD31 goat	Y		
7	L_Cortical subplate	53687.0	Abeta	113.0	6.342030419191294	4.620462215029919	24.456427677824497	1704622.0	Iba1	4.0	27.410288116730555	4.620462215029919	0.8657142540822831	0	0	0	0	0.0	0.0	0.0	0.0	0.0	0.0	0.0	4.620462215029919	0.0	sub-AS37F4	3	H	AS37F4	F	Lecanemab	14.0	App-NLGF	647 IBA1, Se tau Gp- 561 A-beta red X Rb, 488 CD31 goat	Y		
8	R_Cortical subplate	43259.0	Abeta	73.0	6.240379871731623	4.632460447565548	15.758364442887576	0.0	0	0.0	26.931220194047032	4.632460447565548	0.0	0	0	0	0	0.0	0.0	0.0	0.0	0.0	0.0	0.0	4.632460447565548	0.0	sub-AS37F4	3	H	AS37F4	F	Lecanemab	14.0	App-NLGF	647 IBA1, Se tau Gp- 561 A-beta red X Rb, 488 CD31 goat	Y		
9	L_Striatum	163666.0	Abeta	250.0	3.717332542194093	23.10973855243356	10.81795016558826	6175681.0	Iba1	8.0	30.26059796940928	23.10973855243356	0.3461744052988243	0	0	0	0	0.0	0.0	0.0	0.0	0.0	0.0	0.0	23.10973855243356	0.0	sub-AS37F4	3	H	AS37F4	F	Lecanemab	14.0	App-NLGF	647 IBA1, Se tau Gp- 561 A-beta red X Rb, 488 CD31 goat	Y		
10	R_Striatum	157444.0	Abeta	243.0	3.657935095503268	23.22191250423491	10.46425439574302	7070305.0	Iba1	12.0	30.62525321283	23.22191250423491	0.5167533034934825	0	0	0	0	0.0	0.0	0.0	0.0	0.0	0.0	0.0	23.22191250423491	0.0	sub-AS37F4	3	H	AS37F4	F	Lecanemab	14.0	App-NLGF	647 IBA1, Se tau Gp- 561 A-beta red X Rb, 488 CD31 goat	Y		
11	L_Pallidum	40206.0	Abeta	47.0	3.4914607272154887	4.839668018974499	9.71140991814539	1615.0	Iba1	5.0	25.510152683771448	4.839668018974499	1.0331287146963182	0	0	0	0	0.0	0.0	0.0	0.0	0.0	0.0	0.0	4.839668018974499	0.0	sub-AS37F4	3	H	AS37F4	F	Lecanemab	14.0	App-NLGF	647 IBA1, Se tau Gp- 561 A-beta red X Rb, 488 CD31 goat	Y		
12	R_Pallidum	24817.0	Abeta	45.0	3.0972614943641785	4.916799513846397	9.152295080015708	296.0	Iba1	1.0	28.527017081767827	4.916799513846397	0.2033843351114601	0	0	0	0	0.0	0.0	0.0	0.0	0.0	0.0	0.0	4.916799513846397	0.0	sub-AS37F4	3	H	AS37F4	F	Lecanemab	14.0	App-NLGF	647 IBA1, Se tau Gp- 561 A-beta red X Rb, 488 CD31 goat	Y		
13	L_Thalamus	6361.0	Abeta	18.0	1.5935644826455913	10.458268912087425	1.7211261396420987	5844960.0	Iba1	2.0	26.8744582437994	10.458268912087425	0.1912362377380109	0	0	0	0	0.0	0.0	0.0	0.0	0.0	0.0	0.0	10.458268912087425	0.0	sub-AS37F4	3	H	AS37F4	F	Lecanemab	14.0	App-NLGF	647 IBA1, Se tau Gp- 561 A-beta red X Rb, 488 CD31 goat	Y		
14	R_Thalamus	9376.0	Abeta	19.0	1.5402614660776497	10.605294872682746	1.79155791782277	5216295.0	Iba1	3.0	27.939338433358483	10.605294872682746	0.2828775659720163	0	0	0	0	0.0	0.0	0.0	0.0	0.0	0.0	0.0	10.605294872682746	0.0	sub-AS37F4	3	H	AS37F4	F	Lecanemab	14.0	App-NLGF	647 IBA1, Se tau Gp- 561 A-beta red X Rb, 488 CD31 goat	Y		
15	L_Hypothalamus	62131.0	Abeta	70.0	3.1356182597133992	7.734860574635222	9.049936883096462	2550658.0	Iba1	3.0	27.296104791451224	7.734860574635223	0.3878544378469912	0	0	0	0	0.0	0.0	0.0	0.0	0.0	0.0	0.0	7.734860574635223	0.0	sub-AS37F4	3	H	AS37F4	F	Lecanemab	14.0	App-NLGF	647 IBA1, Se tau Gp- 561 A-beta red X Rb, 488 CD31 goat	Y		
16	R_Hypothalamus	42694.0	Abeta	57.0	2.813876063183475	7.836940775255809	7.273246236588975	539.0	Iba1	2.0	29.11445929526124	7.836940775255809	0.2552016223364552	0	0	0	0	0.0	0.0	0.0	0.0	0.0	0.0	0.0	7.836940775255809	0.0	sub-AS37F4	3	H	AS37F4	F	Lecanemab	14.0	App-NLGF	647 IBA1, Se tau Gp- 561 A-beta red X Rb, 488 CD31 goat	Y		
17	L_Midbrain	476113.0	Abeta	117.0	3.4825549864417	18.962920850357737	6.169935577081354	5169566.0	Iba1	10.0	31.009350205885305	18.962920850357737	0.5273449211180644	0	0	0	0	0.0	0.0	0.0	0.0	0.0	0.0	0.0	18.962920850357737	0.0	sub-AS37F4	3	H	AS37F4	F	Lecanemab	14.0	App-NLGF	647 IBA1, Se tau Gp- 561 A-beta red X Rb, 488 CD31 goat	Y		
18	R_Midbrain	55075.0	Abeta	122.0	3.5706573860771385	19.26249576747748	6.333551034751325	1829.0	Iba1	4.0	30.80435620853643	19.26249576747748	0.2076574109754533	0	0	0	0	0.0	0.0	0.0	0.0	0.0	0.0	0.0	19.26249576747748	0.0	sub-AS37F4	3	H	AS37F4	F	Lecanemab	14.0	App-NLGF	647 IBA1, Se tau Gp- 561 A-beta red X Rb, 488 CD31 goat	Y		
19	L_Pons	6625.0	Abeta	20.0	0.6250729386417703	8.48598802099267	2.3568263295356915	2606072.0	Iba1	25.0	21.72382063826922	8.48598802099267	2.9460329119196142	0	0	0	0	0.0	0.0	0.0	0.0	0.0	0.0	0.0	8.48598802099267	0.0	sub-AS37F4	3	H	AS37F4	F	Lecanemab	14.0	App-NLGF	647 IBA1, Se tau Gp- 561 A-beta red X Rb, 488 CD31 goat	Y		
20	R_Pons	15946.0	Abeta	29.0	1.0846285940733564	8.650535210052718	3.3523937300780338	2461225.0	Iba1	23.0	25.77801505878209	8.650535210052718	2.658795027303268	0	0	0	0	0.0	0.0	0.0	0.0	0.0	0.0	0.0	8.650535210052718	0.0	sub-AS37F4	3	H	AS37F4	F	Lecanemab	14.0	App-NLGF	647 IBA1, Se tau Gp- 561 A-beta red X Rb, 488 CD31 goat	Y		
21	L_Medulla	63424.0	Abeta	95.0	2.434229402694912	14.204574185235831	6.687986472607012	1714041.0	Iba1	5.0	31.513172889991285	14.204574185235831	0.3519992880319479	0	0	0	0	0.0	0.0	0.0	0.0	0.0	0.0	0.0	14.204574185235831	0.0	sub-AS37F4	3	H	AS37F4	F	Lecanemab	14.0	App-NLGF	647 IBA1, Se tau Gp- 561 A-beta red X Rb, 488 CD31 goat	Y		
22	R_Medulla	82612.0	Abeta	119.0	3.0720668856062487	14.555760547072326	8.175457380956646	1059822.0	Iba1	12.0	33.81261039657721	14.555760547072326	0.8244158703485693	0	0	0	0	0.0	0.0	0.0	0.0	0.0	0.0	0.0	14.555760547072326	0.0	sub-AS37F4	3	H	AS37F4	F	Lecanemab	14.0	App-NLGF	647 IBA1, Se tau Gp- 561 A-beta red X Rb, 488 CD31 goat	Y		
23	L_Cerebellum	1020045.0	Abeta	108.0	7.247562233929877	27.87075149145227	3.875030066308858	2294.0	Iba1	8.0	27.39469602235843	27.870751491452268	0.2870392641710265	0	0	0	0	0.0	0.0	0.0	0.0	0.0	0.0	0.0	27.870751491452268	0.0	sub-AS37F4	3	H	AS37F4	F	Lecanemab	14.0	App-NLGF	647 IBA1, Se tau Gp- 561 A-beta red X Rb, 488 CD31 goat	Y		
24	R_Cerebellum	1123566.0	Abeta	135.0	7.260107989755165	28.18194374483667	4.790301237640286	1653158.0	Iba1	15.0	27.924434202612566	28.18194374483667	0.5322556930711428	0	0	0	0	0.0	0.0	0.0	0.0	0.0	0.0	0.0	28.18194374483667	0.0	sub-AS37F4	3	H	AS37F4	F	Lecanemab	14.0	App-NLGF	647 IBA1, Se tau Gp- 561 A-beta red X Rb, 488 CD31 goat	Y		
0	Unknown_Label_0	1223889.0	Abeta	467.0	0.0			20809236.0	Iba1	155.0	0.0			Abeta_1106	Iba1_4970	Abeta	Iba1	0.0229682391007612	0.0258526165322617	38133.0	60214.25	0.01536153984023	0.6058284604717472	4.0			sub-AS38F3	3	G	AS38F3	F	Lecanemab	14.0	App-NLGF	647 IBA1, Se tau Gp- 561 A-beta red X Rb, 488 CD31 goat	Y		
1	L_Isocortex	1105033.0	Abeta	1172.0	7.883147193064444	68.05606987157564	17.221094344877805	1469234.0	Iba1	13.0	22.55085393189253	68.05606987157564	0.1910189645762896	0	0	0	0	0.0	0.0	0.0	0.0	0.0	0.0	0.0	68.05606987157564	0.0	sub-AS38F3	3	G	AS38F3	F	Lecanemab	14.0	App-NLGF	647 IBA1, Se tau Gp- 561 A-beta red X Rb, 488 CD31 goat	Y		
2	R_Isocortex	1735425.0	Abeta	908.0	9.527438046298537	67.67498315246782	13.417070203834829	1741792.0	Iba1	28.0	23.565429187327283	67.67498315246782	0.4137422529816907	0	0	0	0	0.0	0.0	0.0	0.0	0.0	0.0	0.0	67.67498315246782	0.0	sub-AS38F3	3	G	AS38F3	F	Lecanemab	14.0	App-NLGF	647 IBA1, Se tau Gp- 561 A-beta red X Rb, 488 CD31 goat	Y		
3	L_Olfactory areas	1455183.0	Abeta	206.0	8.359672659972201	25.622701700173543	8.039745473000014	1088525.0	Iba1	21.0	25.49791510268398	25.622701700173543	0.8195857035582538	0	0	0	0	0.0	0.0	0.0	0.0	0.0	0.0	0.0	25.622701700173543	0.0	sub-AS38F3	3	G	AS38F3	F	Lecanemab	14.0	App-NLGF	647 IBA1, Se tau Gp- 561 A-beta red X Rb, 488 CD31 goat	Y		
4	R_Olfactory areas	1375264.0	Abeta	235.0	7.902640718073042	25.609751226960483	9.17619222136783	2598639.0	Iba1	27.0	24.520231127901184	25.609751226960483	1.0542859147954526	0	0	0	0	0.0	0.0	0.0	0.0	0.0	0.0	0.0	25.609751226960483	0.0	sub-AS38F3	3	G	AS38F3	F	Lecanemab	14.0	App-NLGF	647 IBA1, Se tau Gp- 561 A-beta red X Rb, 488 CD31 goat	Y		
5	L_Hippocampal formation	617674.0	Abeta	206.0	7.267157939257886	23.4148364654824	8.797840647047881	3104273.0	Iba1	13.0	25.058814438859336	23.4148364654824	0.5552035359787498	0	0	0	0	0.0	0.0	0.0	0.0	0.0	0.0	0.0	23.4148364654824	0.0	sub-AS38F3	3	G	AS38F3	F	Lecanemab	14.0	App-NLGF	647 IBA1, Se tau Gp- 561 A-beta red X Rb, 488 CD31 goat	Y		
6	R_Hippocampal formation	777728.0	Abeta	171.0	8.161834728203461	23.438452034282683	7.295703647573812	180390.0	Iba1	7.0	26.477321849354023	23.438452034282683	0.2986545352807993	0	0	0	0	0.0	0.0	0.0	0.0	0.0	0.0	0.0	23.438452034282683	0.0	sub-AS38F3	3	G	AS38F3	F	Lecanemab	14.0	App-NLGF	647 IBA1, Se tau Gp- 561 A-beta red X Rb, 488 CD31 goat	Y		
7	L_Cortical subplate	61248.0	Abeta	102.0	6.92324844501819	4.86842568743291	20.951331405406325	2332999.0	Iba1	15.0	22.57622344795212	4.86842568743291	3.081078147853871	0	0	0	0	0.0	0.0	0.0	0.0	0.0	0.0	0.0	4.86842568743291	0.0	sub-AS38F3	3	G	AS38F3	F	Lecanemab	14.0	App-NLGF	647 IBA1, Se tau Gp- 561 A-beta red X Rb, 488 CD31 goat	Y		
8	R_Cortical subplate	62367.0	Abeta	95.0	6.964415169349495	4.88632781216861	19.44200300344521	8215.0	Iba1	20.0	20.840355458549325	4.88632781216861	4.093053263883203	0	0	0	0	0.0	0.0	0.0	0.0	0.0	0.0	0.0	4.88632781216861	0.0	sub-AS38F3	3	G	AS38F3	F	Lecanemab	14.0	App-NLGF	647 IBA1, Se tau Gp- 561 A-beta red X Rb, 488 CD31 goat	Y		
9	L_Striatum	195775.0	Abeta	194.0	3.622590400849564	24.748544758292034	7.838844743992474	2665735.0	Iba1	25.0	25.376917098246235	24.74854475829203	1.0101604051536694	0	0	0	0	0.0	0.0	0.0	0.0	0.0	0.0	0.0	24.748544758292034	0.0	sub-AS38F3	3	G	AS38F3	F	Lecanemab	14.0	App-NLGF	647 IBA1, Se tau Gp- 561 A-beta red X Rb, 488 CD31 goat	Y		
10	R_Striatum	254947.0	Abeta	194.0	4.183748959649826	24.71331185322709	7.850020311003654	4129913.0	Iba1	43.0	24.481620480256467	24.71331185322709	1.7399529555317377	0	0	0	0	0.0	0.0	0.0	0.0	0.0	0.0	0.0	24.71331185322709	0.0	sub-AS38F3	3	G	AS38F3	F	Lecanemab	14.0	App-NLGF	647 IBA1, Se tau Gp- 561 A-beta red X Rb, 488 CD31 goat	Y		
11	L_Pallidum	53032.0	Abeta	42.0	3.5912433279832774	5.102295997809924	8.231588292413416	4010.0	Iba1	8.0	21.01082453062596	5.102295997809924	1.5679215795073174	0	0	0	0	0.0	0.0	0.0	0.0	0.0	0.0	0.0	5.102295997809924	0.0	sub-AS38F3	3	G	AS38F3	F	Lecanemab	14.0	App-NLGF	647 IBA1, Se tau Gp- 561 A-beta red X Rb, 488 CD31 goat	Y		
12	R_Pallidum	58437.0	Abeta	49.0	4.164938289637041	5.2156126384241945	9.394869480722113	0.0	0	0.0	25.089169648725623	5.2156126384241945	0.0	0	0	0	0	0.0	0.0	0.0	0.0	0.0	0.0	0.0	5.2156126384241945	0.0	sub-AS38F3	3	G	AS38F3	F	Lecanemab	14.0	App-NLGF	647 IBA1, Se tau Gp- 561 A-beta red X Rb, 488 CD31 goat	Y		
13	L_Thalamus	19066.0	Abeta	53.0	2.3342531907554327	11.042182895488017	4.799775597056675	5701.0	Iba1	16.0	21.9220248361504	11.042182895488017	1.4489888594888076	0	0	0	0	0.0	0.0	0.0	0.0	0.0	0.0	0.0	11.042182895488017	0.0	sub-AS38F3	3	G	AS38F3	F	Lecanemab	14.0	App-NLGF	647 IBA1, Se tau Gp- 561 A-beta red X Rb, 488 CD31 goat	Y		
14	R_Thalamus	24269.0	Abeta	44.0	2.8462349858790703	11.194160507605975	3.9306207884105104	4554216.0	Iba1	2.0	24.88124808601858	11.194160507605975	0.1786645812913868	0	0	0	0	0.0	0.0	0.0	0.0	0.0	0.0	0.0	11.194160507605975	0.0	sub-AS38F3	3	G	AS38F3	F	Lecanemab	14.0	App-NLGF	647 IBA1, Se tau Gp- 561 A-beta red X Rb, 488 CD31 goat	Y		
15	L_Hypothalamus	39974.0	Abeta	60.0	2.4241952113644176	8.312108873293798	7.218384758262207	1785959.0	Iba1	24.0	17.7611410241723	8.312108873293798	2.887353903304883	0	0	0	0	0.0	0.0	0.0	0.0	0.0	0.0	0.0	8.312108873293798	0.0	sub-AS38F3	3	G	AS38F3	F	Lecanemab	14.0	App-NLGF	647 IBA1, Se tau Gp- 561 A-beta red X Rb, 488 CD31 goat	Y		
16	R_Hypothalamus	49628.0	Abeta	43.0	3.168485536018151	8.39400157155285	5.122705736168358	14163.0	Iba1	20.0	21.41356778218945	8.39400157155285	2.3826538307759804	0	0	0	0	0.0	0.0	0.0	0.0	0.0	0.0	0.0	8.39400157155285	0.0	sub-AS38F3	3	G	AS38F3	F	Lecanemab	14.0	App-NLGF	647 IBA1, Se tau Gp- 561 A-beta red X Rb, 488 CD31 goat	Y		
17	L_Midbrain	606695.0	Abeta	118.0	3.885646920129679	20.0319062348416	5.890602652420665	4366263.0	Iba1	14.0	25.200250991129742	20.031906234841603	0.6988850604566891	0	0	0	0	0.0	0.0	0.0	0.0	0.0	0.0	0.0	20.0319062348416	0.0	sub-AS38F3	3	G	AS38F3	F	Lecanemab	14.0	App-NLGF	647 IBA1, Se tau Gp- 561 A-beta red X Rb, 488 CD31 goat	Y		
18	R_Midbrain	56394.0	Abeta	85.0	3.475368259494263	20.350145069238984	4.176874401179818	5821.0	Iba1	19.0	25.59932243996481	20.350145069238984	0.9336542779107828	0	0	0	0	0.0	0.0	0.0	0.0	0.0	0.0	0.0	20.350145069238984	0.0	sub-AS38F3	3	G	AS38F3	F	Lecanemab	14.0	App-NLGF	647 IBA1, Se tau Gp- 561 A-beta red X Rb, 488 CD31 goat	Y		
19	L_Pons	5314.0	Abeta	14.0	0.6307763111101814	9.103992220645283	1.5377869027888615	2119364.0	Iba1	34.0	18.06472397129887	9.103992220645283	3.734625335344378	0	0	0	0	0.0	0.0	0.0	0.0	0.0	0.0	0.0	9.103992220645283	0.0	sub-AS38F3	3	G	AS38F3	F	Lecanemab	14.0	App-NLGF	647 IBA1, Se tau Gp- 561 A-beta red X Rb, 488 CD31 goat	Y		
20	R_Pons	8802.0	Abeta	19.0	0.9895936366633696	9.242067118872756	2.0558171408646304	1731302.0	Iba1	36.0	18.121950214309265	9.242067118872756	3.895232477427721	0	0	0	0	0.0	0.0	0.0	0.0	0.0	0.0	0.0	9.242067118872756	0.0	sub-AS38F3	3	G	AS38F3	F	Lecanemab	14.0	App-NLGF	647 IBA1, Se tau Gp- 561 A-beta red X Rb, 488 CD31 goat	Y		
21	L_Medulla	74884.0	Abeta	115.0	2.849404788745096	16.894273202706984	6.807040387009573	1778980.0	Iba1	17.0	24.382535960679984	16.894273202706984	1.0062581441666325	0	0	0	0	0.0	0.0	0.0	0.0	0.0	0.0	0.0	16.894273202706984	0.0	sub-AS38F3	3	G	AS38F3	F	Lecanemab	14.0	App-NLGF	647 IBA1, Se tau Gp- 561 A-beta red X Rb, 488 CD31 goat	Y		
22	R_Medulla	58685.0	Abeta	87.0	2.5298848028356224	17.193657671691238	5.060005361351499	674795.0	Iba1	15.0	25.001838723969872	17.193657671691238	0.8724147174743965	0	0	0	0	0.0	0.0	0.0	0.0	0.0	0.0	0.0	17.193657671691238	0.0	sub-AS38F3	3	G	AS38F3	F	Lecanemab	14.0	App-NLGF	647 IBA1, Se tau Gp- 561 A-beta red X Rb, 488 CD31 goat	Y		
23	L_Cerebellum	930734.0	Abeta	151.0	7.105752616149261	29.42823634345815	5.131126386157595	2416781.0	Iba1	15.0	25.821888287028948	29.42823634345815	0.5097145416712843	0	0	0	0	0.0	0.0	0.0	0.0	0.0	0.0	0.0	29.42823634345815	0.0	sub-AS38F3	3	G	AS38F3	F	Lecanemab	14.0	App-NLGF	647 IBA1, Se tau Gp- 561 A-beta red X Rb, 488 CD31 goat	Y		
24	R_Cerebellum	313655.0	Abeta	126.0	6.026490998049311	29.777518223939783	4.23138016581589	1114638.0	Iba1	23.0	22.12022001215184	29.77751822393978	0.7723947921727419	0	0	0	0	0.0	0.0	0.0	0.0	0.0	0.0	0.0	29.777518223939783	0.0	sub-AS38F3	3	G	AS38F3	F	Lecanemab	14.0	App-NLGF	647 IBA1, Se tau Gp- 561 A-beta red X Rb, 488 CD31 goat	Y		
0	Unknown_Label_0	2655713.0	Abeta	465.0	0.0			8974460.0	Iba1	122.0	0.0			Abeta_3316	Iba1_4448	Abeta	Iba1	0.0325595219899253	0.028559277408197	49736.0	31123.5	0.0145896033288988	0.7924274193405538	2.0			sub-AS39Me0	2	j	AS39Me0	M	Lecanemab	14.0	App-NLGF	647 IBA1, Se tau Gp- 561 A-beta red X Rb, 488 CD31 goat	Y	was Me0 (54)	
1	L_Isocortex	821720.0	Abeta	797.0	5.90236859773097	66.91515058425041	11.910606089072855	6438490.0	Iba1	5.0	26.51924236734601	66.91515058425041	0.0747214936579225	0	0	0	0	0.0	0.0	0.0	0.0	0.0	0.0	0.0	66.91515058425041	0.0	sub-AS39Me0	2	j	AS39Me0	M	Lecanemab	14.0	App-NLGF	647 IBA1, Se tau Gp- 561 A-beta red X Rb, 488 CD31 goat	Y	was Me0 (54)	
2	R_Isocortex	889409.0	Abeta	808.0	6.557537064623679	67.08818928485317	12.04384868056688	1668162.0	Iba1	4.0	27.616817762644533	67.08818928485317	0.059623013270133	0	0	0	0	0.0	0.0	0.0	0.0	0.0	0.0	0.0	67.08818928485317	0.0	sub-AS39Me0	2	j	AS39Me0	M	Lecanemab	14.0	App-NLGF	647 IBA1, Se tau Gp- 561 A-beta red X Rb, 488 CD31 goat	Y	was Me0 (54)	
3	L_Olfactory areas	1101897.0	Abeta	185.0	6.054188450213329	25.34245999322958	7.300001659247922	4612158.0	Iba1	4.0	29.921158584219697	25.34245999322958	0.1578378737134685	0	0	0	0	0.0	0.0	0.0	0.0	0.0	0.0	0.0	25.34245999322958	0.0	sub-AS39Me0	2	j	AS39Me0	M	Lecanemab	14.0	App-NLGF	647 IBA1, Se tau Gp- 561 A-beta red X Rb, 488 CD31 goat	Y	was Me0 (54)	
4	R_Olfactory areas	119703.0	Abeta	175.0	4.882680429434467	25.302674417403416	6.916264941528606	4054808.0	Iba1	6.0	29.31092620317637	25.30267441740342	0.2371290837095521	0	0	0	0	0.0	0.0	0.0	0.0	0.0	0.0	0.0	25.302674417403416	0.0	sub-AS39Me0	2	j	AS39Me0	M	Lecanemab	14.0	App-NLGF	647 IBA1, Se tau Gp- 561 A-beta red X Rb, 488 CD31 goat	Y	was Me0 (54)	
5	L_Hippocampal formation	299147.0	Abeta	257.0	5.351093883450496	23.179952139712	11.087166981665437	9348149.0	Iba1	3.0	29.25635634977991	23.179952139712	0.1294221826653553	0	0	0	0	0.0	0.0	0.0	0.0	0.0	0.0	0.0	23.179952139712	0.0	sub-AS39Me0	2	j	AS39Me0	M	Lecanemab	14.0	App-NLGF	647 IBA1, Se tau Gp- 561 A-beta red X Rb, 488 CD31 goat	Y	was Me0 (54)	
6	R_Hippocampal formation	184507.0	Abeta	230.0	5.300904699021482	23.208696742342383	9.910078215653687	1237931.0	Iba1	2.0	30.610511897243253	23.208696742342383	0.0861745931795973	0	0	0	0	0.0	0.0	0.0	0.0	0.0	0.0	0.0	23.208696742342383	0.0	sub-AS39Me0	2	j	AS39Me0	M	Lecanemab	14.0	App-NLGF	647 IBA1, Se tau Gp- 561 A-beta red X Rb, 488 CD31 goat	Y	was Me0 (54)	
7	L_Cortical subplate	26198.0	Abeta	70.0	4.451718300988072	4.835755898143223	14.475503204551286	1751142.0	Iba1	1.0	26.531708853285046	4.835755898143223	0.2067929029221612	0	0	0	0	0.0	0.0	0.0	0.0	0.0	0.0	0.0	4.835755898143223	0.0	sub-AS39Me0	2	j	AS39Me0	M	Lecanemab	14.0	App-NLGF	647 IBA1, Se tau Gp- 561 A-beta red X Rb, 488 CD31 goat	Y	was Me0 (54)	
8	R_Cortical subplate	13488.0	Abeta	29.0	3.334002835538752	4.8336619204681615	5.999592126457868	0.0	0	0.0	26.5986925015753	4.8336619204681615	0.0	0	0	0	0	0.0	0.0	0.0	0.0	0.0	0.0	0.0	4.8336619204681615	0.0	sub-AS39Me0	2	j	AS39Me0	M	Lecanemab	14.0	App-NLGF	647 IBA1, Se tau Gp- 561 A-beta red X Rb, 488 CD31 goat	Y	was Me0 (54)	
9	L_Striatum	130066.0	Abeta	240.0	3.176345763769699	24.40055076266576	9.835843556745193	6082070.0	Iba1	3.0	29.17767202371665	24.40055076266576	0.1229480444593149	0	0	0	0	0.0	0.0	0.0	0.0	0.0	0.0	0.0	24.40055076266576	0.0	sub-AS39Me0	2	j	AS39Me0	M	Lecanemab	14.0	App-NLGF	647 IBA1, Se tau Gp- 561 A-beta red X Rb, 488 CD31 goat	Y	was Me0 (54)	
10	R_Striatum	81794.0	Abeta	139.0	2.283094979014457	24.49192433394115	5.675340087808961	2805708.0	Iba1	3.0	27.00811441007306	24.49192433394116	0.122489354413143	0	0	0	0	0.0	0.0	0.0	0.0	0.0	0.0	0.0	24.49192433394115	0.0	sub-AS39Me0	2	j	AS39Me0	M	Lecanemab	14.0	App-NLGF	647 IBA1, Se tau Gp- 561 A-beta red X Rb, 488 CD31 goat	Y	was Me0 (54)	
11	L_Pallidum	31736.0	Abeta	38.0	3.341091975633601	5.0624765718702855	7.506207576573781	0.0	0	0.0	31.97627284349853	5.0624765718702855	0.0	0	0	0	0	0.0	0.0	0.0	0.0	0.0	0.0	0.0	5.0624765718702855	0.0	sub-AS39Me0	2	j	AS39Me0	M	Lecanemab	14.0	App-NLGF	647 IBA1, Se tau Gp- 561 A-beta red X Rb, 488 CD31 goat	Y	was Me0 (54)	
12	R_Pallidum	16755.0	Abeta	34.0	2.361795839810497	5.143189893163547	6.610683390320397	0.0	0	0.0	34.08990302761122	5.143189893163547	0.0	0	0	0	0	0.0	0.0	0.0	0.0	0.0	0.0	0.0	5.143189893163547	0.0	sub-AS39Me0	2	j	AS39Me0	M	Lecanemab	14.0	App-NLGF	647 IBA1, Se tau Gp- 561 A-beta red X Rb, 488 CD31 goat	Y	was Me0 (54)	
13	L_Thalamus	9758.0	Abeta	25.0	1.6591984414138603	10.943508053082612	2.2844594145437576	2858.0	Iba1	9.0	25.941205121068744	10.943508053082612	0.8224053892357528	0	0	0	0	0.0	0.0	0.0	0.0	0.0	0.0	0.0	10.943508053082612	0.0	sub-AS39Me0	2	j	AS39Me0	M	Lecanemab	14.0	App-NLGF	647 IBA1, Se tau Gp- 561 A-beta red X Rb, 488 CD31 goat	Y	was Me0 (54)	
14	R_Thalamus	5337.0	Abeta	6.0	1.021841703412659	11.094845530507476	0.5407916661391825	5070651.0	Iba1	6.0	27.992793782063377	11.094845530507476	0.5407916661391825	0	0	0	0	0.0	0.0	0.0	0.0	0.0	0.0	0.0	11.094845530507476	0.0	sub-AS39Me0	2	j	AS39Me0	M	Lecanemab	14.0	App-NLGF	647 IBA1, Se tau Gp- 561 A-beta red X Rb, 488 CD31 goat	Y	was Me0 (54)	
15	L_Hypothalamus	34743.0	Abeta	51.0	2.3060762243742343	8.236375642442342	6.192043954041527	2716573.0	Iba1	1.0	27.51459541914161	8.236375642442342	0.1214126265498338	0	0	0	0	0.0	0.0	0.0	0.0	0.0	0.0	0.0	8.236375642442342	0.0	sub-AS39Me0	2	j	AS39Me0	M	Lecanemab	14.0	App-NLGF	647 IBA1, Se tau Gp- 561 A-beta red X Rb, 488 CD31 goat	Y	was Me0 (54)	
16	R_Hypothalamus	38714.0	Abeta	57.0	2.3229964677278776	8.299385334300997	6.867978495277415	830.0	Iba1	2.0	25.8545575485114	8.299385334300997	0.2409817015886812	0	0	0	0	0.0	0.0	0.0	0.0	0.0	0.0	0.0	8.299385334300997	0.0	sub-AS39Me0	2	j	AS39Me0	M	Lecanemab	14.0	App-NLGF	647 IBA1, Se tau Gp- 561 A-beta red X Rb, 488 CD31 goat	Y	was Me0 (54)	
17	L_Midbrain	595490.0	Abeta	105.0	3.811975334729239	19.819308332845864	5.297863993870416	4978724.0	Iba1	16.0	26.13083735136485	19.819308332845864	0.80729356097073	0	0	0	0	0.0	0.0	0.0	0.0	0.0	0.0	0.0	19.819308332845864	0.0	sub-AS39Me0	2	j	AS39Me0	M	Lecanemab	14.0	App-NLGF	647 IBA1, Se tau Gp- 561 A-beta red X Rb, 488 CD31 goat	Y	was Me0 (54)	
18	R_Midbrain	60358.0	Abeta	98.0	3.7936302360537337	20.136641131421023	4.866750088081062	18160.0	Iba1	18.0	25.699719231241904	20.136641131421023	0.8938928733210114	0	0	0	0	0.0	0.0	0.0	0.0	0.0	0.0	0.0	20.136641131421023	0.0	sub-AS39Me0	2	j	AS39Me0	M	Lecanemab	14.0	App-NLGF	647 IBA1, Se tau Gp- 561 A-beta red X Rb, 488 CD31 goat	Y	was Me0 (54)	
19	L_Pons	18215.0	Abeta	28.0	1.2424580770203082	9.036084752708833	3.098687182145583	2163109.0	Iba1	3.0	24.28583466756552	9.036084752708833	0.3320021980870267	0	0	0	0	0.0	0.0	0.0	0.0	0.0	0.0	0.0	9.036084752708833	0.0	sub-AS39Me0	2	j	AS39Me0	M	Lecanemab	14.0	App-NLGF	647 IBA1, Se tau Gp- 561 A-beta red X Rb, 488 CD31 goat	Y	was Me0 (54)	
20	R_Pons	10256.0	Abeta	29.0	1.2690110898023848	9.132027002547993	3.175636689631831	2216824.0	Iba1	4.0	24.49243308596681	9.132027002547993	0.4380188537423215	0	0	0	0	0.0	0.0	0.0	0.0	0.0	0.0	0.0	9.132027002547993	0.0	sub-AS39Me0	2	j	AS39Me0	M	Lecanemab	14.0	App-NLGF	647 IBA1, Se tau Gp- 561 A-beta red X Rb, 488 CD31 goat	Y	was Me0 (54)	
21	L_Medulla	192433.0	Abeta	71.0	2.566138827402236	16.769905753136527	4.2337745390561095	2237839.0	Iba1	5.0	27.569521539247404	16.769905753136527	0.2981531365532471	0	0	0	0	0.0	0.0	0.0	0.0	0.0	0.0	0.0	16.769905753136527	0.0	sub-AS39Me0	2	j	AS39Me0	M	Lecanemab	14.0	App-NLGF	647 IBA1, Se tau Gp- 561 A-beta red X Rb, 488 CD31 goat	Y	was Me0 (54)	
22	R_Medulla	63538.0	Abeta	84.0	2.568538697960324	17.032604770553274	4.931717792525952	1570620.0	Iba1	3.0	28.46693489801621	17.032604770553274	0.1761327783044983	0	0	0	0	0.0	0.0	0.0	0.0	0.0	0.0	0.0	17.032604770553274	0.0	sub-AS39Me0	2	j	AS39Me0	M	Lecanemab	14.0	App-NLGF	647 IBA1, Se tau Gp- 561 A-beta red X Rb, 488 CD31 goat	Y	was Me0 (54)	
23	L_Cerebellum	855607.0	Abeta	134.0	6.508979329857746	29.065171576274448	4.610328882743723	3796555.0	Iba1	4.0	29.770460559063164	29.065171576274448	0.1376217576938425	0	0	0	0	0.0	0.0	0.0	0.0	0.0	0.0	0.0	29.065171576274448	0.0	sub-AS39Me0	2	j	AS39Me0	M	Lecanemab	14.0	App-NLGF	647 IBA1, Se tau Gp- 561 A-beta red X Rb, 488 CD31 goat	Y	was Me0 (54)	
24	R_Cerebellum	596715.0	Abeta	126.0	6.700804913528366	29.44418153546049	4.279283492674249	2371980.0	Iba1	7.0	29.9118474220139	29.44418153546049	0.237737971815236	0	0	0	0	0.0	0.0	0.0	0.0	0.0	0.0	0.0	29.44418153546049	0.0	sub-AS39Me0	2	j	AS39Me0	M	Lecanemab	14.0	App-NLGF	647 IBA1, Se tau Gp- 561 A-beta red X Rb, 488 CD31 goat	Y	was Me0 (54)	
0	Unknown_Label_0	1599938.0	Abeta	331.0	0.0			13466293.0	Iba1	109.0	0.0			Abeta_2492	Iba1_4145	Abeta	Iba1	0.0100352417731217	0.0103926606540704	628.7777777777778	700.0	0.0040318830789377	0.801975475461524	9.0			sub-AS39Me1	3	E	AS39Me1	M	PBS	14.0	App-NLGF	647 IBA1, Se tau Gp- 561 A-beta red X Rb, 488 CD31 goat	Y		
1	L_Isocortex	1037974.0	Abeta	814.0	6.695127082234562	64.2758648303107	12.664162546065665	5483502.0	Iba1	6.0	23.44083224196884	64.2758648303107	0.0933476354746854	0	0	0	0	0.0	0.0	0.0	0.0	0.0	0.0	0.0	64.2758648303107	0.0	sub-AS39Me1	3	E	AS39Me1	M	PBS	14.0	App-NLGF	647 IBA1, Se tau Gp- 561 A-beta red X Rb, 488 CD31 goat	Y		
2	R_Isocortex	732026.0	Abeta	617.0	5.840719186747436	63.978194394545824	9.64391080178092	893642.0	Iba1	9.0	23.878652120201824	63.97819439454582	0.140672929037323	0	0	0	0	0.0	0.0	0.0	0.0	0.0	0.0	0.0	63.97819439454582	0.0	sub-AS39Me1	3	E	AS39Me1	M	PBS	14.0	App-NLGF	647 IBA1, Se tau Gp- 561 A-beta red X Rb, 488 CD31 goat	Y		
3	L_Olfactory areas	819364.0	Abeta	176.0	7.592563971830089	23.90581175876574	7.36222646509649	3807855.0	Iba1	9.0	28.280655492176795	23.90581175876574	0.3764774896924341	0	0	0	0	0.0	0.0	0.0	0.0	0.0	0.0	0.0	23.90581175876574	0.0	sub-AS39Me1	3	E	AS39Me1	M	PBS	14.0	App-NLGF	647 IBA1, Se tau Gp- 561 A-beta red X Rb, 488 CD31 goat	Y		
4	R_Olfactory areas	443819.0	Abeta	219.0	6.131458218240338	23.786781674086885	9.206794050604026	1035603.0	Iba1	6.0	25.924675137511105	23.786781674086885	0.252240932893261	0	0	0	0	0.0	0.0	0.0	0.0	0.0	0.0	0.0	23.786781674086885	0.0	sub-AS39Me1	3	E	AS39Me1	M	PBS	14.0	App-NLGF	647 IBA1, Se tau Gp- 561 A-beta red X Rb, 488 CD31 goat	Y		
5	L_Hippocampal formation	991730.0	Abeta	189.0	8.001888963302594	22.18073254753203	8.520908838109106	7842997.0	Iba1	3.0	29.386911201552383	22.18073254753203	0.1352525212398271	0	0	0	0	0.0	0.0	0.0	0.0	0.0	0.0	0.0	22.18073254753203	0.0	sub-AS39Me1	3	E	AS39Me1	M	PBS	14.0	App-NLGF	647 IBA1, Se tau Gp- 561 A-beta red X Rb, 488 CD31 goat	Y		
6	R_Hippocampal formation	555509.0	Abeta	193.0	6.155886218953771	22.16797252245446	8.706254025013148	852455.0	Iba1	3.0	28.466541808778427	22.16797252245446	0.1353303734458002	0	0	0	0	0.0	0.0	0.0	0.0	0.0	0.0	0.0	22.16797252245446	0.0	sub-AS39Me1	3	E	AS39Me1	M	PBS	14.0	App-NLGF	647 IBA1, Se tau Gp- 561 A-beta red X Rb, 488 CD31 goat	Y		
7	L_Cortical subplate	106520.0	Abeta	108.0	7.726477385275668	4.614939219100821	23.402258377097937	1432404.0	Iba1	2.0	24.833195774182897	4.614939219100821	0.4333751551314433	0	0	0	0	0.0	0.0	0.0	0.0	0.0	0.0	0.0	4.614939219100821	0.0	sub-AS39Me1	3	E	AS39Me1	M	PBS	14.0	App-NLGF	647 IBA1, Se tau Gp- 561 A-beta red X Rb, 488 CD31 goat	Y		
8	R_Cortical subplate	25057.0	Abeta	61.0	4.430151290906101	4.632460447565548	13.167948370084138	590.0	Iba1	2.0	24.220317382009537	4.632460447565548	0.4317360121339061	0	0	0	0	0.0	0.0	0.0	0.0	0.0	0.0	0.0	4.632460447565548	0.0	sub-AS39Me1	3	E	AS39Me1	M	PBS	14.0	App-NLGF	647 IBA1, Se tau Gp- 561 A-beta red X Rb, 488 CD31 goat	Y		
9	L_Striatum	143919.0	Abeta	196.0	3.296641145961966	23.13373501750481	8.472475363433139	5259604.0	Iba1	6.0	28.13200790318597	23.133735017504808	0.259361490717341	0	0	0	0	0.0	0.0	0.0	0.0	0.0	0.0	0.0	23.13373501750481	0.0	sub-AS39Me1	3	E	AS39Me1	M	PBS	14.0	App-NLGF	647 IBA1, Se tau Gp- 561 A-beta red X Rb, 488 CD31 goat	Y		
10	R_Striatum	114591.0	Abeta	156.0	2.5789434554541324	23.054699041278056	6.76651643644063	3313183.0	Iba1	17.0	27.66309528726612	23.054699041278056	0.7373767911505815	0	0	0	0	0.0	0.0	0.0	0.0	0.0	0.0	0.0	23.054699041278056	0.0	sub-AS39Me1	3	E	AS39Me1	M	PBS	14.0	App-NLGF	647 IBA1, Se tau Gp- 561 A-beta red X Rb, 488 CD31 goat	Y		
11	L_Pallidum	72770.0	Abeta	45.0	3.506275159838977	4.825574856948522	9.325313840112305	482.0	Iba1	1.0	31.52735022495856	4.825574856948522	0.20722919644694	0	0	0	0	0.0	0.0	0.0	0.0	0.0	0.0	0.0	4.825574856948522	0.0	sub-AS39Me1	3	E	AS39Me1	M	PBS	14.0	App-NLGF	647 IBA1, Se tau Gp- 561 A-beta red X Rb, 488 CD31 goat	Y		
12	R_Pallidum	26979.0	Abeta	26.0	2.7270640417088163	4.894897978265488	5.311653095824712	2966.0	Iba1	9.0	23.61349311337639	4.894897978265488	1.838649148554708	0	0	0	0	0.0	0.0	0.0	0.0	0.0	0.0	0.0	4.894897978265488	0.0	sub-AS39Me1	3	E	AS39Me1	M	PBS	14.0	App-NLGF	647 IBA1, Se tau Gp- 561 A-beta red X Rb, 488 CD31 goat	Y		
13	L_Thalamus	8797.0	Abeta	20.0	1.1533414736381695	10.45007964226152	1.9138610120364368	38380.0	Iba1	68.0	17.77047985274553	10.45007964226152	6.507127440923886	0	0	0	0	0.0	0.0	0.0	0.0	0.0	0.0	0.0	10.45007964226152	0.0	sub-AS39Me1	3	E	AS39Me1	M	PBS	14.0	App-NLGF	647 IBA1, Se tau Gp- 561 A-beta red X Rb, 488 CD31 goat	Y		
14	R_Thalamus	4892.0	Abeta	7.0	0.7331227226221033	10.6100560760699	0.6597514612376006	27246.0	Iba1	69.0	15.95722568254025	10.6100560760699	6.503264403627777	0	0	0	0	0.0	0.0	0.0	0.0	0.0	0.0	0.0	10.6100560760699	0.0	sub-AS39Me1	3	E	AS39Me1	M	PBS	14.0	App-NLGF	647 IBA1, Se tau Gp- 561 A-beta red X Rb, 488 CD31 goat	Y		
15	L_Hypothalamus	29323.0	Abeta	54.0	1.954076166358236	7.821324028145943	6.904201872429109	2243740.0	Iba1	12.0	24.04621603194701	7.821324028145942	1.5342670827620244	0	0	0	0	0.0	0.0	0.0	0.0	0.0	0.0	0.0	7.821324028145943	0.0	sub-AS39Me1	3	E	AS39Me1	M	PBS	14.0	App-NLGF	647 IBA1, Se tau Gp- 561 A-beta red X Rb, 488 CD31 goat	Y		
16	R_Hypothalamus	26813.0	Abeta	53.0	1.78444915050296	7.913881821992221	6.697092677416038	14349.0	Iba1	25.0	21.477763873513982	7.913881821992221	3.1590059799132257	0	0	0	0	0.0	0.0	0.0	0.0	0.0	0.0	0.0	7.913881821992221	0.0	sub-AS39Me1	3	E	AS39Me1	M	PBS	14.0	App-NLGF	647 IBA1, Se tau Gp- 561 A-beta red X Rb, 488 CD31 goat	Y		
17	L_Midbrain	392158.0	Abeta	107.0	3.147124238917124	18.92387898258308	5.654231888635481	3989794.0	Iba1	45.0	23.36177728576461	18.92387898258308	2.377947990547632	0	0	0	0	0.0	0.0	0.0	0.0	0.0	0.0	0.0	18.92387898258308	0.0	sub-AS39Me1	3	E	AS39Me1	M	PBS	14.0	App-NLGF	647 IBA1, Se tau Gp- 561 A-beta red X Rb, 488 CD31 goat	Y		
18	R_Midbrain	48682.0	Abeta	81.0	2.5708509246595708	19.21659776682532	4.21510617971277	30571.0	Iba1	55.0	21.215714257398268	19.21659776682532	2.862109134372868	0	0	0	0	0.0	0.0	0.0	0.0	0.0	0.0	0.0	19.21659776682532	0.0	sub-AS39Me1	3	E	AS39Me1	M	PBS	14.0	App-NLGF	647 IBA1, Se tau Gp- 561 A-beta red X Rb, 488 CD31 goat	Y		
19	L_Pons	2920.0	Abeta	9.0	0.5312217194570136	8.628252778200837	1.0430848784053215	1342671.0	Iba1	41.0	17.494272155391236	8.628252778200837	4.7518311127353545	0	0	0	0	0.0	0.0	0.0	0.0	0.0	0.0	0.0	8.628252778200837	0.0	sub-AS39Me1	3	E	AS39Me1	M	PBS	14.0	App-NLGF	647 IBA1, Se tau Gp- 561 A-beta red X Rb, 488 CD31 goat	Y		
20	R_Pons	10180.0	Abeta	8.0	0.8081813036095267	8.748044655421637	0.9144900735093948	20799.0	Iba1	47.0	20.11790830321766	8.748044655421637	5.372629181867693	0	0	0	0	0.0	0.0	0.0	0.0	0.0	0.0	0.0	8.748044655421637	0.0	sub-AS39Me1	3	E	AS39Me1	M	PBS	14.0	App-NLGF	647 IBA1, Se tau Gp- 561 A-beta red X Rb, 488 CD31 goat	Y		
21	L_Medulla	26105.0	Abeta	58.0	1.6618991430376278	15.978789015424972	3.6298119928869608	1399433.0	Iba1	51.0	20.867093360031465	15.978789015424972	3.1917312351247418	0	0	0	0	0.0	0.0	0.0	0.0	0.0	0.0	0.0	15.978789015424972	0.0	sub-AS39Me1	3	E	AS39Me1	M	PBS	14.0	App-NLGF	647 IBA1, Se tau Gp- 561 A-beta red X Rb, 488 CD31 goat	Y		
22	R_Medulla	29982.0	Abeta	65.0	1.5121298231605649	16.218944114273032	4.007659163385275	947117.0	Iba1	22.0	23.90109438481952	16.218944114273032	1.3564384860688623	0	0	0	0	0.0	0.0	0.0	0.0	0.0	0.0	0.0	16.218944114273032	0.0	sub-AS39Me1	3	E	AS39Me1	M	PBS	14.0	App-NLGF	647 IBA1, Se tau Gp- 561 A-beta red X Rb, 488 CD31 goat	Y		
23	L_Cerebellum	488988.0	Abeta	111.0	6.291560820295114	27.81399794707739	3.990796296569927	3418064.0	Iba1	16.0	25.21875449347804	27.81399794707739	0.5752499166226922	0	0	0	0	0.0	0.0	0.0	0.0	0.0	0.0	0.0	27.81399794707739	0.0	sub-AS39Me1	3	E	AS39Me1	M	PBS	14.0	App-NLGF	647 IBA1, Se tau Gp- 561 A-beta red X Rb, 488 CD31 goat	Y		
24	R_Cerebellum	555134.0	Abeta	92.0	4.525179807484317	28.174135371281736	3.2654063305799546	2007885.0	Iba1	8.0	26.720149253731343	28.174135371281736	0.28394837657217	0	0	0	0	0.0	0.0	0.0	0.0	0.0	0.0	0.0	28.174135371281736	0.0	sub-AS39Me1	3	E	AS39Me1	M	PBS	14.0	App-NLGF	647 IBA1, Se tau Gp- 561 A-beta red X Rb, 488 CD31 goat	Y		
0	Unknown_Label_0	2468549.0	Abeta	674.0	0.0			25820971.0	Iba1	96.0	0.0			Abeta_3603	Iba1_6024	Abeta	Iba1	0.0250159662788392	0.032244216241771	29655.0	72134.66666666667	0.0190316680998637	0.7665844958493689	3.0			sub-AS39Me2	2	i	AS39Me2	M	Lecanemab	14.0	App-NLGF	647 IBA1, Se tau Gp- 561 A-beta red X Rb, 488 CD31 goat	Y		
1	L_Isocortex	1489083.0	Abeta	736.0	9.473469153640464	69.695381851911	10.560240584718446	856953.0	Iba1	2.0	27.694554532517937	69.695381851911	0.0286963059367349	0	0	0	0	0.0	0.0	0.0	0.0	0.0	0.0	0.0	69.695381851911	0.0	sub-AS39Me2	2	i	AS39Me2	M	Lecanemab	14.0	App-NLGF	647 IBA1, Se tau Gp- 561 A-beta red X Rb, 488 CD31 goat	Y		
2	R_Isocortex	2040705.0	Abeta	732.0	10.733800431461214	69.7981771195958	10.487379903142074	6229262.0	Iba1	6.0	27.38168771699199	69.7981771195958	0.0859621303536235	0	0	0	0	0.0	0.0	0.0	0.0	0.0	0.0	0.0	69.7981771195958	0.0	sub-AS39Me2	2	i	AS39Me2	M	Lecanemab	14.0	App-NLGF	647 IBA1, Se tau Gp- 561 A-beta red X Rb, 488 CD31 goat	Y		
3	L_Olfactory areas	1316755.0	Abeta	252.0	10.2204183036746	26.358229527241	9.560581439643364	3849157.0	Iba1	8.0	30.27244626762191	26.358229527241	0.3035105218934401	0	0	0	0	0.0	0.0	0.0	0.0	0.0	0.0	0.0	26.358229527241	0.0	sub-AS39Me2	2	i	AS39Me2	M	Lecanemab	14.0	App-NLGF	647 IBA1, Se tau Gp- 561 A-beta red X Rb, 488 CD31 goat	Y		
4	R_Olfactory areas	559106.0	Abeta	340.0	11.795583197863449	26.23030652745545	12.962105480701094	3772866.0	Iba1	5.0	27.957116523455635	26.23030652745545	0.1906191982456043	0	0	0	0	0.0	0.0	0.0	0.0	0.0	0.0	0.0	26.23030652745545	0.0	sub-AS39Me2	2	i	AS39Me2	M	Lecanemab	14.0	App-NLGF	647 IBA1, Se tau Gp- 561 A-beta red X Rb, 488 CD31 goat	Y		
5	L_Hippocampal formation	1232793.0	Abeta	302.0	9.408517113863768	24.14299150863325	12.508806122555622	3353055.0	Iba1	1.0	30.548132495446552	24.14299150863325	0.0414198878230318	0	0	0	0	0.0	0.0	0.0	0.0	0.0	0.0	0.0	24.14299150863325	0.0	sub-AS39Me2	2	i	AS39Me2	M	Lecanemab	14.0	App-NLGF	647 IBA1, Se tau Gp- 561 A-beta red X Rb, 488 CD31 goat	Y		
6	R_Hippocampal formation	1398341.0	Abeta	317.0	8.967220992429555	24.16469273181116	13.11831288393298	749596.0	Iba1	1.0	29.57474732355976	24.16469273181116	0.0413826904855929	0	0	0	0	0.0	0.0	0.0	0.0	0.0	0.0	0.0	24.16469273181116	0.0	sub-AS39Me2	2	i	AS39Me2	M	Lecanemab	14.0	App-NLGF	647 IBA1, Se tau Gp- 561 A-beta red X Rb, 488 CD31 goat	Y		
7	L_Cortical subplate	21992.0	Abeta	47.0	5.450571849167705	5.043250049581089	9.319387208235687	1718747.0	Iba1	1.0	27.965236100101915	5.043250049581089	0.1982848342177806	0	0	0	0	0.0	0.0	0.0	0.0	0.0	0.0	0.0	5.043250049581089	0.0	sub-AS39Me2	2	i	AS39Me2	M	Lecanemab	14.0	App-NLGF	647 IBA1, Se tau Gp- 561 A-beta red X Rb, 488 CD31 goat	Y		
8	R_Cortical subplate	23352.0	Abeta	55.0	6.285957801431873	5.025356058539658	10.944498132930846	0.0	0	0.0	27.27179059812872	5.025356058539658	0.0	0	0	0	0	0.0	0.0	0.0	0.0	0.0	0.0	0.0	5.025356058539658	0.0	sub-AS39Me2	2	i	AS39Me2	M	Lecanemab	14.0	App-NLGF	647 IBA1, Se tau Gp- 561 A-beta red X Rb, 488 CD31 goat	Y		
9	L_Striatum	93610.0	Abeta	186.0	3.894330321691314	25.409848002045177	7.319996561373736	0.0	0	0.0	32.00588094274884	25.409848002045177	0.0	0	0	0	0	0.0	0.0	0.0	0.0	0.0	0.0	0.0	25.409848002045177	0.0	sub-AS39Me2	2	i	AS39Me2	M	Lecanemab	14.0	App-NLGF	647 IBA1, Se tau Gp- 561 A-beta red X Rb, 488 CD31 goat	Y		
10	R_Striatum	143246.0	Abeta	199.0	4.408158692697208	25.488276984056554	7.807510885277911	4984994.0	Iba1	1.0	31.3297235126294	25.488276984056554	0.0392337230415975	0	0	0	0	0.0	0.0	0.0	0.0	0.0	0.0	0.0	25.488276984056554	0.0	sub-AS39Me2	2	i	AS39Me2	M	Lecanemab	14.0	App-NLGF	647 IBA1, Se tau Gp- 561 A-beta red X Rb, 488 CD31 goat	Y		
11	L_Pallidum	19234.0	Abeta	54.0	3.4503667126570328	5.242939375139181	10.299565975539531	250.0	Iba1	1.0	32.05090407377823	5.242939375139182	0.190732703250732	0	0	0	0	0.0	0.0	0.0	0.0	0.0	0.0	0.0	5.242939375139182	0.0	sub-AS39Me2	2	i	AS39Me2	M	Lecanemab	14.0	App-NLGF	647 IBA1, Se tau Gp- 561 A-beta red X Rb, 488 CD31 goat	Y		
12	R_Pallidum	29606.0	Abeta	44.0	3.677161133545367	5.326888843748447	8.259980880141267	3255993.0	Iba1	1.0	31.06135868205696	5.326888843748447	0.1877268381850288	0	0	0	0	0.0	0.0	0.0	0.0	0.0	0.0	0.0	5.326888843748447	0.0	sub-AS39Me2	2	i	AS39Me2	M	Lecanemab	14.0	App-NLGF	647 IBA1, Se tau Gp- 561 A-beta red X Rb, 488 CD31 goat	Y		
13	L_Thalamus	28018.0	Abeta	57.0	2.826899294762525	11.390857829118378	5.004012942229097	523.0	Iba1	2.0	26.41667502256092	11.390857829118378	0.1755794014817227	0	0	0	0	0.0	0.0	0.0	0.0	0.0	0.0	0.0	11.390857829118378	0.0	sub-AS39Me2	2	i	AS39Me2	M	Lecanemab	14.0	App-NLGF	647 IBA1, Se tau Gp- 561 A-beta red X Rb, 488 CD31 goat	Y		
14	R_Thalamus	13149.0	Abeta	19.0	1.601514403292181	11.56446761454162	1.6429636567193675	497.0	Iba1	2.0	26.04943209876544	11.56446761454162	0.172943542812565	0	0	0	0	0.0	0.0	0.0	0.0	0.0	0.0	0.0	11.56446761454162	0.0	sub-AS39Me2	2	i	AS39Me2	M	Lecanemab	14.0	App-NLGF	647 IBA1, Se tau Gp- 561 A-beta red X Rb, 488 CD31 goat	Y		
15	L_Hypothalamus	66617.0	Abeta	136.0	4.88567998399253	8.562274713324568	15.883629590669113	3315412.0	Iba1	2.0	28.56332955379177	8.562274713324568	0.2335827880980752	0	0	0	0	0.0	0.0	0.0	0.0	0.0	0.0	0.0	8.562274713324568	0.0	sub-AS39Me2	2	i	AS39Me2	M	Lecanemab	14.0	App-NLGF	647 IBA1, Se tau Gp- 561 A-beta red X Rb, 488 CD31 goat	Y		
16	R_Hypothalamus	29161.0	Abeta	66.0	3.3922546349178457	8.666021789043501	7.615951310374521	0.0	0	0.0	27.86861875054916	8.666021789043501	0.0	0	0	0	0	0.0	0.0	0.0	0.0	0.0	0.0	0.0	8.666021789043501	0.0	sub-AS39Me2	2	i	AS39Me2	M	Lecanemab	14.0	App-NLGF	647 IBA1, Se tau Gp- 561 A-beta red X Rb, 488 CD31 goat	Y		
17	L_Midbrain	675180.0	Abeta	246.0	6.820203978033136	20.624728291317066	11.927429856303371	5003334.0	Iba1	1.0	28.287968987955143	20.624728291317066	0.0484854872207454	0	0	0	0	0.0	0.0	0.0	0.0	0.0	0.0	0.0	20.624728291317066	0.0	sub-AS39Me2	2	i	AS39Me2	M	Lecanemab	14.0	App-NLGF	647 IBA1, Se tau Gp- 561 A-beta red X Rb, 488 CD31 goat	Y		
18	R_Midbrain	93763.0	Abeta	231.0	5.869265241934751	20.94149000507176	11.030733722579184	460.0	Iba1	2.0	27.192147915170576	20.94149000507176	0.0955041880742786	0	0	0	0	0.0	0.0	0.0	0.0	0.0	0.0	0.0	20.94149000507176	0.0	sub-AS39Me2	2	i	AS39Me2	M	Lecanemab	14.0	App-NLGF	647 IBA1, Se tau Gp- 561 A-beta red X Rb, 488 CD31 goat	Y		
19	L_Pons	51053.0	Abeta	71.0	2.4226845937012027	9.386921194084968	7.563715357996147	3169595.0	Iba1	7.0	29.041370079698243	9.386921194084968	0.7457184155770848	0	0	0	0	0.0	0.0	0.0	0.0	0.0	0.0	0.0	9.386921194084968	0.0	sub-AS39Me2	2	i	AS39Me2	M	Lecanemab	14.0	App-NLGF	647 IBA1, Se tau Gp- 561 A-beta red X Rb, 488 CD31 goat	Y		
20	R_Pons	41313.0	Abeta	86.0	2.7372220444728845	9.519603234041108	9.033989955849522	498.0	Iba1	2.0	29.062689969604865	9.519603234041108	0.2100927896709191	0	0	0	0	0.0	0.0	0.0	0.0	0.0	0.0	0.0	9.519603234041108	0.0	sub-AS39Me2	2	i	AS39Me2	M	Lecanemab	14.0	App-NLGF	647 IBA1, Se tau Gp- 561 A-beta red X Rb, 488 CD31 goat	Y		
21	L_Medulla	208610.0	Abeta	308.0	6.035056238785067	17.398289417261662	17.702889784924412	2927626.0	Iba1	2.0	27.778502341459145	17.398289417261662	0.1149538297722364	0	0	0	0	0.0	0.0	0.0	0.0	0.0	0.0	0.0	17.398289417261662	0.0	sub-AS39Me2	2	i	AS39Me2	M	Lecanemab	14.0	App-NLGF	647 IBA1, Se tau Gp- 561 A-beta red X Rb, 488 CD31 goat	Y		
22	R_Medulla	173830.0	Abeta	279.0	5.852988271952222	17.59474259550375	15.857009472323686	1771261.0	Iba1	1.0	27.8927381313022	17.59474259550375	0.0568351593990096	0	0	0	0	0.0	0.0	0.0	0.0	0.0	0.0	0.0	17.59474259550375	0.0	sub-AS39Me2	2	i	AS39Me2	M	Lecanemab	14.0	App-NLGF	647 IBA1, Se tau Gp- 561 A-beta red X Rb, 488 CD31 goat	Y		
23	L_Cerebellum	890988.0	Abeta	241.0	9.628899393149103	30.36496062766688	7.93677959787684	5546429.0	Iba1	4.0	30.502463764481668	30.36496062766688	0.1317307817074994	0	0	0	0	0.0	0.0	0.0	0.0	0.0	0.0	0.0	30.36496062766688	0.0	sub-AS39Me2	2	i	AS39Me2	M	Lecanemab	14.0	App-NLGF	647 IBA1, Se tau Gp- 561 A-beta red X Rb, 488 CD31 goat	Y		
24	R_Cerebellum	1071970.0	Abeta	302.0	9.900387801321626	30.679628363746502	9.843665523565054	94413.0	Iba1	4.0	29.06630471876648	30.679628363746502	0.1303796758088086	0	0	0	0	0.0	0.0	0.0	0.0	0.0	0.0	0.0	30.679628363746502	0.0	sub-AS39Me2	2	i	AS39Me2	M	Lecanemab	14.0	App-NLGF	647 IBA1, Se tau Gp- 561 A-beta red X Rb, 488 CD31 goat	Y		
0	Unknown_Label_0	2375037.0	Abeta	925.0	0.0			7365807.0	Iba1	86.0	0.0			Abeta_0	Iba1_9435	Abeta	Iba1	0.0719800589222781	0.084988799457578	383185.25	646987.625	0.0603978733866116	0.6184064105401086	8.0			sub-AS48F66	1	h	AS48F66	F	P control	14.0	App-NLGF	647 IBA1, Se tau Gp- 561 A-beta red X Rb, 488 YoPro	Y		
1	L_Isocortex	1633310.0	Abeta	1530.0	9.578453374665656	70.77471700564068	21.6178893357929	5346714.0	Iba1	2.0	24.45991087718165	70.77471700564068	0.0282586788703175	0	0	0	0	0.0	0.0	0.0	0.0	0.0	0.0	0.0	70.77471700564068	0.0	sub-AS48F66	1	h	AS48F66	F	P control	14.0	App-NLGF	647 IBA1, Se tau Gp- 561 A-beta red X Rb, 488 YoPro	Y		
2	R_Isocortex	1992000.0	Abeta	1712.0	11.888974466440596	69.97788200676656	24.464873055667173	4424449.0	Iba1	6.0	25.50173634735656	69.97788200676656	0.0857413775315438	0	0	0	0	0.0	0.0	0.0	0.0	0.0	0.0	0.0	69.97788200676656	0.0	sub-AS48F66	1	h	AS48F66	F	P control	14.0	App-NLGF	647 IBA1, Se tau Gp- 561 A-beta red X Rb, 488 YoPro	Y		
3	L_Olfactory areas	3304512.0	Abeta	279.0	14.267156525952656	26.333454141807923	10.594888103078349	7226697.0	Iba1	7.0	28.51923396807718	26.333454141807923	0.2658215653102094	0	0	0	0	0.0	0.0	0.0	0.0	0.0	0.0	0.0	26.333454141807923	0.0	sub-AS48F66	1	h	AS48F66	F	P control	14.0	App-NLGF	647 IBA1, Se tau Gp- 561 A-beta red X Rb, 488 YoPro	Y		
4	R_Olfactory areas	823842.0	Abeta	346.0	14.979985128268682	24.587616083806225	14.07212471598175	566229.0	Iba1	7.0	27.38545668608253	24.58761608380622	0.2846961647741973	0	0	0	0	0.0	0.0	0.0	0.0	0.0	0.0	0.0	24.58761608380622	0.0	sub-AS48F66	1	h	AS48F66	F	P control	14.0	App-NLGF	647 IBA1, Se tau Gp- 561 A-beta red X Rb, 488 YoPro	Y		
5	L_Hippocampal formation	940493.0	Abeta	364.0	8.523085505948172	24.237572410782644	15.018005674448906	9533870.0	Iba1	5.0	25.576917637075105	24.237572410782644	0.2062912867369355	0	0	0	0	0.0	0.0	0.0	0.0	0.0	0.0	0.0	24.237572410782644	0.0	sub-AS48F66	1	h	AS48F66	F	P control	14.0	App-NLGF	647 IBA1, Se tau Gp- 561 A-beta red X Rb, 488 YoPro	Y		
6	R_Hippocampal formation	1163489.0	Abeta	440.0	9.001683753353738	24.20538667588548	18.177771993138546	5483753.0	Iba1	6.0	26.323666176227604	24.20538667588548	0.2478787089973438	0	0	0	0	0.0	0.0	0.0	0.0	0.0	0.0	0.0	24.20538667588548	0.0	sub-AS48F66	1	h	AS48F66	F	P control	14.0	App-NLGF	647 IBA1, Se tau Gp- 561 A-beta red X Rb, 488 YoPro	Y		
7	L_Cortical subplate	91060.0	Abeta	165.0	10.952119190234288	5.023640917854137	32.84470420916952	1919777.0	Iba1	2.0	25.95105769959815	5.023640917854137	0.3981176267778124	0	0	0	0	0.0	0.0	0.0	0.0	0.0	0.0	0.0	5.023640917854137	0.0	sub-AS48F66	1	h	AS48F66	F	P control	14.0	App-NLGF	647 IBA1, Se tau Gp- 561 A-beta red X Rb, 488 YoPro	Y		
8	R_Cortical subplate	60904.0	Abeta	151.0	8.36405303030303	5.027830776834833	30.03283258770673	1770916.0	Iba1	2.0	24.2225	5.027830776834833	0.3977858620888308	0	0	0	0	0.0	0.0	0.0	0.0	0.0	0.0	0.0	5.027830776834833	0.0	sub-AS48F66	1	h	AS48F66	F	P control	14.0	App-NLGF	647 IBA1, Se tau Gp- 561 A-beta red X Rb, 488 YoPro	Y		
9	L_Striatum	288324.0	Abeta	522.0	7.161663270696551	25.23628243327211	20.684504596912536	3267774.0	Iba1	1.0	28.96110482227756	25.23628243327211	0.0396254877335489	0	0	0	0	0.0	0.0	0.0	0.0	0.0	0.0	0.0	25.23628243327211	0.0	sub-AS48F66	1	h	AS48F66	F	P control	14.0	App-NLGF	647 IBA1, Se tau Gp- 561 A-beta red X Rb, 488 YoPro	Y		
10	R_Striatum	214472.0	Abeta	408.0	5.865246633296658	24.578855469573856	16.599633799265504	2818075.0	Iba1	2.0	27.158812316942768	24.578855469573856	0.0813707539179681	0	0	0	0	0.0	0.0	0.0	0.0	0.0	0.0	0.0	24.578855469573856	0.0	sub-AS48F66	1	h	AS48F66	F	P control	14.0	App-NLGF	647 IBA1, Se tau Gp- 561 A-beta red X Rb, 488 YoPro	Y		
11	L_Pallidum	99097.0	Abeta	140.0	8.294575051778642	5.2413231367148265	26.71081258457757	328.0	Iba1	1.0	25.53163039133753	5.2413231367148265	0.1907915184612684	0	0	0	0	0.0	0.0	0.0	0.0	0.0	0.0	0.0	5.2413231367148265	0.0	sub-AS48F66	1	h	AS48F66	F	P control	14.0	App-NLGF	647 IBA1, Se tau Gp- 561 A-beta red X Rb, 488 YoPro	Y		
12	R_Pallidum	95001.0	Abeta	156.0	8.661514957720458	5.360353221393682	29.102559767402845	618.0	Iba1	2.0	25.212143821502167	5.360353221393682	0.3731097406077288	0	0	0	0	0.0	0.0	0.0	0.0	0.0	0.0	0.0	5.360353221393682	0.0	sub-AS48F66	1	h	AS48F66	F	P control	14.0	App-NLGF	647 IBA1, Se tau Gp- 561 A-beta red X Rb, 488 YoPro	Y		
13	L_Thalamus	50588.0	Abeta	154.0	4.823076794406437	11.385560883769577	13.525903692591124	0.0	0	0.0	27.792215178227924	11.385560883769577	0.0	0	0	0	0	0.0	0.0	0.0	0.0	0.0	0.0	0.0	11.385560883769577	0.0	sub-AS48F66	1	h	AS48F66	F	P control	14.0	App-NLGF	647 IBA1, Se tau Gp- 561 A-beta red X Rb, 488 YoPro	Y		
14	R_Thalamus	62819.0	Abeta	164.0	4.739422254392315	11.576961259933174	14.166066234288037	0.0	0	0.0	26.53699743370402	11.576961259933174	0.0	0	0	0	0	0.0	0.0	0.0	0.0	0.0	0.0	0.0	11.576961259933174	0.0	sub-AS48F66	1	h	AS48F66	F	P control	14.0	App-NLGF	647 IBA1, Se tau Gp- 561 A-beta red X Rb, 488 YoPro	Y		
15	L_Hypothalamus	92215.0	Abeta	177.0	5.706218615494978	8.495510427766979	20.83453389939796	2832634.0	Iba1	8.0	24.10460007173601	8.495510427766979	0.9416738485603598	0	0	0	0	0.0	0.0	0.0	0.0	0.0	0.0	0.0	8.495510427766979	0.0	sub-AS48F66	1	h	AS48F66	F	P control	14.0	App-NLGF	647 IBA1, Se tau Gp- 561 A-beta red X Rb, 488 YoPro	Y		
16	R_Hypothalamus	98138.0	Abeta	186.0	6.181910135089573	8.472847099644124	21.95247923308003	3525.0	Iba1	9.0	21.280563734855807	8.472847099644124	1.0622167370845177	0	0	0	0	0.0	0.0	0.0	0.0	0.0	0.0	0.0	8.472847099644124	0.0	sub-AS48F66	1	h	AS48F66	F	P control	14.0	App-NLGF	647 IBA1, Se tau Gp- 561 A-beta red X Rb, 488 YoPro	Y		
17	L_Midbrain	586325.0	Abeta	275.0	5.820813079982324	20.6872382690495	13.293219540639786	4798742.0	Iba1	12.0	26.640107158638973	20.6872382690495	0.5800677617733725	0	0	0	0	0.0	0.0	0.0	0.0	0.0	0.0	0.0	20.6872382690495	0.0	sub-AS48F66	1	h	AS48F66	F	P control	14.0	App-NLGF	647 IBA1, Se tau Gp- 561 A-beta red X Rb, 488 YoPro	Y		
18	R_Midbrain	153178.0	Abeta	307.0	6.398146972966113	21.00757203293724	14.61377828521366	5857.0	Iba1	14.0	26.652095080956617	21.00757203293724	0.666426371312675	0	0	0	0	0.0	0.0	0.0	0.0	0.0	0.0	0.0	21.00757203293724	0.0	sub-AS48F66	1	h	AS48F66	F	P control	14.0	App-NLGF	647 IBA1, Se tau Gp- 561 A-beta red X Rb, 488 YoPro	Y		
19	L_Pons	94956.0	Abeta	153.0	5.050253284627338	9.436514665204133	16.213613333762595	2999718.0	Iba1	10.0	26.88330743304608	9.436514665204133	1.059713289788405	0	0	0	0	0.0	0.0	0.0	0.0	0.0	0.0	0.0	9.436514665204133	0.0	sub-AS48F66	1	h	AS48F66	F	P control	14.0	App-NLGF	647 IBA1, Se tau Gp- 561 A-beta red X Rb, 488 YoPro	Y		
20	R_Pons	44913.0	Abeta	92.0	3.5710967845272896	9.512122574992144	9.671868636540983	2858893.0	Iba1	21.0	23.8592279662035	9.512122574992144	2.207709145297399	0	0	0	0	0.0	0.0	0.0	0.0	0.0	0.0	0.0	9.512122574992144	0.0	sub-AS48F66	1	h	AS48F66	F	P control	14.0	App-NLGF	647 IBA1, Se tau Gp- 561 A-beta red X Rb, 488 YoPro	Y		
21	L_Medulla	473164.0	Abeta	304.0	8.076085978954943	16.940742547765606	17.944904076244047	2463247.0	Iba1	8.0	28.928961687202086	16.940742547765606	0.472234317795896	0	0	0	0	0.0	0.0	0.0	0.0	0.0	0.0	0.0	16.940742547765606	0.0	sub-AS48F66	1	h	AS48F66	F	P control	14.0	App-NLGF	647 IBA1, Se tau Gp- 561 A-beta red X Rb, 488 YoPro	Y		
22	R_Medulla	441112.0	Abeta	282.0	7.489910160525356	16.70458685976276	16.881590809005196	1195309.0	Iba1	19.0	27.506566946369933	16.70458685976276	1.137412146706024	0	0	0	0	0.0	0.0	0.0	0.0	0.0	0.0	0.0	16.70458685976276	0.0	sub-AS48F66	1	h	AS48F66	F	P control	14.0	App-NLGF	647 IBA1, Se tau Gp- 561 A-beta red X Rb, 488 YoPro	Y		
23	L_Cerebellum	738006.0	Abeta	123.0	6.576093843113886	30.36028951852745	4.051344764842868	3675928.0	Iba1	10.0	27.293341279051525	30.36028951852745	0.3293776231579567	0	0	0	0	0.0	0.0	0.0	0.0	0.0	0.0	0.0	30.36028951852745	0.0	sub-AS48F66	1	h	AS48F66	F	P control	14.0	App-NLGF	647 IBA1, Se tau Gp- 561 A-beta red X Rb, 488 YoPro	Y		
24	R_Cerebellum	420679.0	Abeta	80.0	6.177350546422711	30.75832612169354	2.600921769392932	38758.0	Iba1	5.0	28.205046283396804	30.75832612169354	0.1625576105870582	0	0	0	0	0.0	0.0	0.0	0.0	0.0	0.0	0.0	30.758326121693543	0.0	sub-AS48F66	1	h	AS48F66	F	P control	14.0	App-NLGF	647 IBA1, Se tau Gp- 561 A-beta red X Rb, 488 YoPro	Y		
0	Unknown_Label_0	2614245.0	Abeta	401.0	0.0			16968788.0	Iba1	81.0	0.0																sub-AS134F1	1	d	AS134F1	F	Lecanemab	14.0	App-NLGF	647 IBA1, Se tau Gp- 561 A-beta red X Rb, 488 YoPro	Y		
1	L_Isocortex	879515.0	Abeta	752.0	6.737894970313247	66.94484699491491	11.233127473681751	6126199.0	Iba1	3.0	24.504123160217475	66.94484699491491	0.044813008538624	0.0	0.0	0.0	0.0	0.0	0.0	0.0	0.0	0.0	0.0	0.0	66.94484699491491	0.0	sub-AS134F1	1	d	AS134F1	F	Lecanemab	14.0	App-NLGF	647 IBA1, Se tau Gp- 561 A-beta red X Rb, 488 YoPro	Y		
2	R_Isocortex	1433085.0	Abeta	780.0	7.918864646685816	66.07432336691	11.804888196412827	993214.0	Iba1	6.0	25.442709428722065	66.07432336691	0.0908068322800986	0.0	0.0	0.0	0.0	0.0	0.0	0.0	0.0	0.0	0.0	0.0	66.07432336691	0.0	sub-AS134F1	1	d	AS134F1	F	Lecanemab	14.0	App-NLGF	647 IBA1, Se tau Gp- 561 A-beta red X Rb, 488 YoPro	Y		
3	L_Olfactory areas	1088775.0	Abeta	182.0	6.513397003281532	24.59624249448056	7.399504214549891	1929684.0	Iba1	4.0	26.02685592223392	24.59624249448056	0.1626264662538437	0.0	0.0	0.0	0.0	0.0	0.0	0.0	0.0	0.0	0.0	0.0	24.59624249448056	0.0	sub-AS134F1	1	d	AS134F1	F	Lecanemab	14.0	App-NLGF	647 IBA1, Se tau Gp- 561 A-beta red X Rb, 488 YoPro	Y		
4	R_Olfactory areas	485462.0	Abeta	178.0	7.588817971770411	24.963830757257178	7.13031592510112	1178299.0	Iba1	5.0	27.38395137983361	24.963830757257178	0.2002897731769977	0.0	0.0	0.0	0.0	0.0	0.0	0.0	0.0	0.0	0.0	0.0	24.963830757257178	0.0	sub-AS134F1	1	d	AS134F1	F	Lecanemab	14.0	App-NLGF	647 IBA1, Se tau Gp- 561 A-beta red X Rb, 488 YoPro	Y		
5	L_Hippocampal formation	119099.0	Abeta	183.0	3.375138199622601	22.89993021607429	7.991290727669803	3710542.0	Iba1	1.0	26.65020740334339	22.89993021607429	0.0436682553424579	0.0	0.0	0.0	0.0	0.0	0.0	0.0	0.0	0.0	0.0	0.0	22.89993021607429	0.0	sub-AS134F1	1	d	AS134F1	F	Lecanemab	14.0	App-NLGF	647 IBA1, Se tau Gp- 561 A-beta red X Rb, 488 YoPro	Y		
6	R_Hippocampal formation	315778.0	Abeta	214.0	4.734256360729986	22.8647133188119	9.3594000946398	5269991.0	Iba1	6.0	26.39050219794858	22.86471331881189	0.2624130867656019	0.0	0.0	0.0	0.0	0.0	0.0	0.0	0.0	0.0	0.0	0.0	22.8647133188119	0.0	sub-AS134F1	1	d	AS134F1	F	Lecanemab	14.0	App-NLGF	647 IBA1, Se tau Gp- 561 A-beta red X Rb, 488 YoPro	Y		
7	L_Cortical subplate	36556.0	Abeta	84.0	5.547574215776612	4.7516160679271335	17.67819596515603	3058192.0	Iba1	2.0	23.787989263250672	4.7516160679271335	0.4209094277418101	0.0	0.0	0.0	0.0	0.0	0.0	0.0	0.0	0.0	0.0	0.0	4.7516160679271335	0.0	sub-AS134F1	1	d	AS134F1	F	Lecanemab	14.0	App-NLGF	647 IBA1, Se tau Gp- 561 A-beta red X Rb, 488 YoPro	Y		
8	R_Cortical subplate	34007.0	Abeta	81.0	4.805586547656997	4.777314884848337	16.95513106261813	314.0	Iba1	1.0	23.4479996812241	4.777314884848337	0.2093226057113349	0.0	0.0	0.0	0.0	0.0	0.0	0.0	0.0	0.0	0.0	0.0	4.777314884848337	0.0	sub-AS134F1	1	d	AS134F1	F	Lecanemab	14.0	App-NLGF	647 IBA1, Se tau Gp- 561 A-beta red X Rb, 488 YoPro	Y		
9	L_Striatum	81951.0	Abeta	144.0	2.705593451568895	23.72095982630504	6.070580661761972	2736525.0	Iba1	4.0	24.984054249257685	23.72095982630504	0.1686272406044992	0.0	0.0	0.0	0.0	0.0	0.0	0.0	0.0	0.0	0.0	0.0	23.72095982630504	0.0	sub-AS134F1	1	d	AS134F1	F	Lecanemab	14.0	App-NLGF	647 IBA1, Se tau Gp- 561 A-beta red X Rb, 488 YoPro	Y		
10	R_Striatum	92441.0	Abeta	122.0	2.197733396734823	24.0198275490183	5.079137214912527	4319864.0	Iba1	3.0	25.348763670946266	24.0198275490183	0.1248968167601441	0.0	0.0	0.0	0.0	0.0	0.0	0.0	0.0	0.0	0.0	0.0	24.0198275490183	0.0	sub-AS134F1	1	d	AS134F1	F	Lecanemab	14.0	App-NLGF	647 IBA1, Se tau Gp- 561 A-beta red X Rb, 488 YoPro	Y		
11	L_Pallidum	48159.0	Abeta	49.0	4.612394516781855	4.985380121106675	9.828738994755485	0.0	0	0.0	26.168391309328342	4.985380121106675	0.0	0.0	0.0	0.0	0.0	0.0	0.0	0.0	0.0	0.0	0.0	0.0	4.985380121106675	0.0	sub-AS134F1	1	d	AS134F1	F	Lecanemab	14.0	App-NLGF	647 IBA1, Se tau Gp- 561 A-beta red X Rb, 488 YoPro	Y		
12	R_Pallidum	20970.0	Abeta	29.0	2.956498873027799	5.067425973647702	5.722826569309474	0.0	0	0.0	24.716979714500376	5.067425973647702	0.0	0.0	0.0	0.0	0.0	0.0	0.0	0.0	0.0	0.0	0.0	0.0	5.067425973647702	0.0	sub-AS134F1	1	d	AS134F1	F	Lecanemab	14.0	App-NLGF	647 IBA1, Se tau Gp- 561 A-beta red X Rb, 488 YoPro	Y		
13	L_Thalamus	21813.0	Abeta	42.0	2.377678461022099	10.776180200684554	3.897484936019533	1738.0	Iba1	5.0	23.84290483845325	10.776180200684554	0.4639863019070873	0.0	0.0	0.0	0.0	0.0	0.0	0.0	0.0	0.0	0.0	0.0	10.776180200684554	0.0	sub-AS134F1	1	d	AS134F1	F	Lecanemab	14.0	App-NLGF	647 IBA1, Se tau Gp- 561 A-beta red X Rb, 488 YoPro	Y		
14	R_Thalamus	26090.0	Abeta	30.0	1.9590485787754528	10.956452642346626	2.73811250587167	1763.0	Iba1	5.0	23.492876502884148	10.956452642346626	0.4563520843119449	0.0	0.0	0.0	0.0	0.0	0.0	0.0	0.0	0.0	0.0	0.0	10.956452642346626	0.0	sub-AS134F1	1	d	AS134F1	F	Lecanemab	14.0	App-NLGF	647 IBA1, Se tau Gp- 561 A-beta red X Rb, 488 YoPro	Y		
15	L_Hypothalamus	19010.0	Abeta	34.0	1.7386267307148913	8.084276718590182	4.205694731084027	2516865.0	Iba1	9.0	21.40550532165395	8.084276718590182	1.1132721346987131	0.0	0.0	0.0	0.0	0.0	0.0	0.0	0.0	0.0	0.0	0.0	8.084276718590182	0.0	sub-AS134F1	1	d	AS134F1	F	Lecanemab	14.0	App-NLGF	647 IBA1, Se tau Gp- 561 A-beta red X Rb, 488 YoPro	Y		
16	R_Hypothalamus	14853.0	Abeta	29.0	1.29814039981404	8.189356325556881	3.5411818520459826	770.0	Iba1	2.0	22.19751278475128	8.189356325556881	0.2442194380721367	0.0	0.0	0.0	0.0	0.0	0.0	0.0	0.0	0.0	0.0	0.0	8.189356325556881	0.0	sub-AS134F1	1	d	AS134F1	F	Lecanemab	14.0	App-NLGF	647 IBA1, Se tau Gp- 561 A-beta red X Rb, 488 YoPro	Y		
17	L_Midbrain	510079.0	Abeta	121.0	3.433212785245694	19.52862615922603	6.196032379002515	11351.0	Iba1	31.0	23.752658718941	19.52862615922603	1.587413254124611	0.0	0.0	0.0	0.0	0.0	0.0	0.0	0.0	0.0	0.0	0.0	19.52862615922603	0.0	sub-AS134F1	1	d	AS134F1	F	Lecanemab	14.0	App-NLGF	647 IBA1, Se tau Gp- 561 A-beta red X Rb, 488 YoPro	Y		
18	R_Midbrain	42393.0	Abeta	76.0	3.4270644185041075	19.813787846247976	3.835712817243659	13772.0	Iba1	15.0	24.261565067012537	19.813787846247976	0.7570485823507223	0.0	0.0	0.0	0.0	0.0	0.0	0.0	0.0	0.0	0.0	0.0	19.813787846247976	0.0	sub-AS134F1	1	d	AS134F1	F	Lecanemab	14.0	App-NLGF	647 IBA1, Se tau Gp- 561 A-beta red X Rb, 488 YoPro	Y		
19	L_Pons	2146.0	Abeta	5.0	1.0506981418521608	8.902641266325398	0.5616310767134584	2389350.0	Iba1	35.0	18.51446532811598	8.902641266325398	3.931417536994209	0.0	0.0	0.0	0.0	0.0	0.0	0.0	0.0	0.0	0.0	0.0	8.902641266325398	0.0	sub-AS134F1	1	d	AS134F1	F	Lecanemab	14.0	App-NLGF	647 IBA1, Se tau Gp- 561 A-beta red X Rb, 488 YoPro	Y		
20	R_Pons	16293.0	Abeta	28.0	1.831484137698279	9.02466305629941	3.102608909088899	1760233.0	Iba1	35.0	21.41971819102261	9.02466305629941	3.878261136361124	0.0	0.0	0.0	0.0	0.0	0.0	0.0	0.0	0.0	0.0	0.0	9.02466305629941	0.0	sub-AS134F1	1	d	AS134F1	F	Lecanemab	14.0	App-NLGF	647 IBA1, Se tau Gp- 561 A-beta red X Rb, 488 YoPro	Y		
21	L_Medulla	75189.0	Abeta	72.0	3.2912726476923253	16.527004342829446	4.356506388360608	605.0	Iba1	2.0	25.782789481565096	16.527004342829446	0.1210140663433502	0.0	0.0	0.0	0.0	0.0	0.0	0.0	0.0	0.0	0.0	0.0	16.527004342829446	0.0	sub-AS134F1	1	d	AS134F1	F	Lecanemab	14.0	App-NLGF	647 IBA1, Se tau Gp- 561 A-beta red X Rb, 488 YoPro	Y		
22	R_Medulla	318775.0	Abeta	118.0	5.12551003011877	16.748965976385918	7.045211039676491	903366.0	Iba1	8.0	27.51345115644712	16.748965976385918	0.4776414264187451	0.0	0.0	0.0	0.0	0.0	0.0	0.0	0.0	0.0	0.0	0.0	16.748965976385918	0.0	sub-AS134F1	1	d	AS134F1	F	Lecanemab	14.0	App-NLGF	647 IBA1, Se tau Gp- 561 A-beta red X Rb, 488 YoPro	Y		
23	L_Cerebellum	1092309.0	Abeta	156.0	6.960551718647373	28.69301463493405	5.43686336151198	6168961.0	Iba1	5.0	23.941252181066684	28.69301463493405	0.1742584410741019	0.0	0.0	0.0	0.0	0.0	0.0	0.0	0.0	0.0	0.0	0.0	28.69301463493405	0.0	sub-AS134F1	1	d	AS134F1	F	Lecanemab	14.0	App-NLGF	647 IBA1, Se tau Gp- 561 A-beta red X Rb, 488 YoPro	Y		
24	R_Cerebellum	1139038.0	Abeta	118.0	7.365933490442524	29.07963905839305	4.057822030151455	4577908.0	Iba1	6.0	23.692098716941604	29.07963905839305	0.2063299337365146	0.0	0.0	0.0	0.0	0.0	0.0	0.0	0.0	0.0	0.0	0.0	29.07963905839305	0.0	sub-AS134F1	1	d	AS134F1	F	Lecanemab	14.0	App-NLGF	647 IBA1, Se tau Gp- 561 A-beta red X Rb, 488 YoPro	Y		
0	Unknown_Label_0	3679942.0	Abeta	629.0	0.0			18704467.0	Iba1	157.0	0.0			Abeta_0	Iba1_6238	Abeta	Iba1	0.047182656781901	0.0559547929481625	238436.0	438393.5	0.0448149064249959	0.5468558719848031	4.0			sub-AS134F3	1	a	AS134F3	F	PBS	14.0	App-NLGF	647 IBA1, Se tau Gp- 561 A-beta red X Rb, 488 YoPro	Y		Bottom of brain is very blurry due to mounting gel. Would likely not include deep inferior subcortical structures or brainstem in quantification.
1	L_Isocortex	1896703.0	Abeta	682.0	8.781103446255694	65.01613673294543	10.48970354546477	6407198.0	Iba1	16.0	24.14733219092813	65.01613673294543	0.24609275179976	0	0	0	0	0.0	0.0	0.0	0.0	0.0	0.0	0.0	65.01613673294543	0.0	sub-AS134F3	1	a	AS134F3	F	PBS	14.0	App-NLGF	647 IBA1, Se tau Gp- 561 A-beta red X Rb, 488 YoPro	Y		Bottom of brain is very blurry due to mounting gel. Would likely not include deep inferior subcortical structures or brainstem in quantification.
2	R_Isocortex	810400.0	Abeta	576.0	8.506011592733019	64.59581769792746	8.916985967939544	3387556.0	Iba1	27.0	23.8181426861412	64.59581769792746	0.4179837172471661	0	0	0	0	0.0	0.0	0.0	0.0	0.0	0.0	0.0	64.59581769792746	0.0	sub-AS134F3	1	a	AS134F3	F	PBS	14.0	App-NLGF	647 IBA1, Se tau Gp- 561 A-beta red X Rb, 488 YoPro	Y		Bottom of brain is very blurry due to mounting gel. Would likely not include deep inferior subcortical structures or brainstem in quantification.
3	L_Olfactory areas	1973405.0	Abeta	234.0	13.485935585722626	23.16211178969225	10.102705751732714	1772762.0	Iba1	7.0	24.29962423634465	23.16211178969225	0.3022176934279016	0	0	0	0	0.0	0.0	0.0	0.0	0.0	0.0	0.0	23.16211178969225	0.0	sub-AS134F3	1	a	AS134F3	F	PBS	14.0	App-NLGF	647 IBA1, Se tau Gp- 561 A-beta red X Rb, 488 YoPro	Y		Bottom of brain is very blurry due to mounting gel. Would likely not include deep inferior subcortical structures or brainstem in quantification.
4	R_Olfactory areas	345641.0	Abeta	336.0	12.512499899808434	23.7604998313898	14.141116659343725	1439084.0	Iba1	11.0	24.2107870247914	23.7604998313898	0.4629532239666101	0	0	0	0	0.0	0.0	0.0	0.0	0.0	0.0	0.0	23.7604998313898	0.0	sub-AS134F3	1	a	AS134F3	F	PBS	14.0	App-NLGF	647 IBA1, Se tau Gp- 561 A-beta red X Rb, 488 YoPro	Y		Bottom of brain is very blurry due to mounting gel. Would likely not include deep inferior subcortical structures or brainstem in quantification.
5	L_Hippocampal formation	583468.0	Abeta	181.0	6.7547103679387215	22.277861096629977	8.124657893094605	2209025.0	Iba1	42.0	24.201673847626864	22.277861096629977	1.8852797320993009	0	0	0	0	0.0	0.0	0.0	0.0	0.0	0.0	0.0	22.277861096629977	0.0	sub-AS134F3	1	a	AS134F3	F	PBS	14.0	App-NLGF	647 IBA1, Se tau Gp- 561 A-beta red X Rb, 488 YoPro	Y		Bottom of brain is very blurry due to mounting gel. Would likely not include deep inferior subcortical structures or brainstem in quantification.
6	R_Hippocampal formation	162869.0	Abeta	224.0	7.271261347348305	22.322045064062767	10.034922846770314	73622.0	Iba1	13.0	24.467126817282097	22.322045064062767	0.5823839152143486	0	0	0	0	0.0	0.0	0.0	0.0	0.0	0.0	0.0	22.322045064062767	0.0	sub-AS134F3	1	a	AS134F3	F	PBS	14.0	App-NLGF	647 IBA1, Se tau Gp- 561 A-beta red X Rb, 488 YoPro	Y		Bottom of brain is very blurry due to mounting gel. Would likely not include deep inferior subcortical structures or brainstem in quantification.
7	L_Cortical subplate	49543.0	Abeta	87.0	7.039993423486374	4.633412688242979	18.77665683023607	2449502.0	Iba1	8.0	21.7903325249702	4.633412688242979	1.726589133814811	0	0	0	0	0.0	0.0	0.0	0.0	0.0	0.0	0.0	4.633412688242979	0.0	sub-AS134F3	1	a	AS134F3	F	PBS	14.0	App-NLGF	647 IBA1, Se tau Gp- 561 A-beta red X Rb, 488 YoPro	Y		Bottom of brain is very blurry due to mounting gel. Would likely not include deep inferior subcortical structures or brainstem in quantification.
8	R_Cortical subplate	231890.0	Abeta	110.0	8.740707495205843	4.667693352630489	23.566243900321613	606.0	Iba1	2.0	22.691093067852627	4.667693352630489	0.4284771618240293	0	0	0	0	0.0	0.0	0.0	0.0	0.0	0.0	0.0	4.667693352630489	0.0	sub-AS134F3	1	a	AS134F3	F	PBS	14.0	App-NLGF	647 IBA1, Se tau Gp- 561 A-beta red X Rb, 488 YoPro	Y		Bottom of brain is very blurry due to mounting gel. Would likely not include deep inferior subcortical structures or brainstem in quantification.
9	L_Striatum	242436.0	Abeta	364.0	7.569918420854868	22.80825915395896	15.959131187652192	6196117.0	Iba1	17.0	27.11345930645201	22.80825915395896	0.7453440389837562	0	0	0	0	0.0	0.0	0.0	0.0	0.0	0.0	0.0	22.80825915395896	0.0	sub-AS134F3	1	a	AS134F3	F	PBS	14.0	App-NLGF	647 IBA1, Se tau Gp- 561 A-beta red X Rb, 488 YoPro	Y		Bottom of brain is very blurry due to mounting gel. Would likely not include deep inferior subcortical structures or brainstem in quantification.
10	R_Striatum	344261.0	Abeta	426.0	7.603663709670776	23.121736784969183	18.424221500390537	2065189.0	Iba1	7.0	27.730303853978764	23.121736784969187	0.3027454237153374	0	0	0	0	0.0	0.0	0.0	0.0	0.0	0.0	0.0	23.121736784969187	0.0	sub-AS134F3	1	a	AS134F3	F	PBS	14.0	App-NLGF	647 IBA1, Se tau Gp- 561 A-beta red X Rb, 488 YoPro	Y		Bottom of brain is very blurry due to mounting gel. Would likely not include deep inferior subcortical structures or brainstem in quantification.
11	L_Pallidum	85383.0	Abeta	115.0	8.277777777777779	4.847285944393946	23.724616480074065	225.0	Iba1	1.0	24.25569699827125	4.847285944393946	0.2063010128702093	0	0	0	0	0.0	0.0	0.0	0.0	0.0	0.0	0.0	4.847285944393946	0.0	sub-AS134F3	1	a	AS134F3	F	PBS	14.0	App-NLGF	647 IBA1, Se tau Gp- 561 A-beta red X Rb, 488 YoPro	Y		Bottom of brain is very blurry due to mounting gel. Would likely not include deep inferior subcortical structures or brainstem in quantification.
12	R_Pallidum	70717.0	Abeta	111.0	7.860043229890381	4.934130294175639	22.496365799465604	716.0	Iba1	2.0	23.528253821213525	4.934130294175638	0.4053399243146956	0	0	0	0	0.0	0.0	0.0	0.0	0.0	0.0	0.0	4.934130294175638	0.0	sub-AS134F3	1	a	AS134F3	F	PBS	14.0	App-NLGF	647 IBA1, Se tau Gp- 561 A-beta red X Rb, 488 YoPro	Y		Bottom of brain is very blurry due to mounting gel. Would likely not include deep inferior subcortical structures or brainstem in quantification.
13	L_Thalamus	90386.0	Abeta	179.0	5.93489923154995	10.5081663235848	17.034370649258545	1229.0	Iba1	5.0	26.24222488038277	10.5081663235848	0.475820409197166	0	0	0	0	0.0	0.0	0.0	0.0	0.0	0.0	0.0	10.5081663235848	0.0	sub-AS134F3	1	a	AS134F3	F	PBS	14.0	App-NLGF	647 IBA1, Se tau Gp- 561 A-beta red X Rb, 488 YoPro	Y		Bottom of brain is very blurry due to mounting gel. Would likely not include deep inferior subcortical structures or brainstem in quantification.
14	R_Thalamus	48960.0	Abeta	103.0	4.464022602102854	10.650621528928456	9.670797119232786	1505.0	Iba1	4.0	26.06092196552464	10.650621528928454	0.3755649366692344	0	0	0	0	0.0	0.0	0.0	0.0	0.0	0.0	0.0	10.650621528928454	0.0	sub-AS134F3	1	a	AS134F3	F	PBS	14.0	App-NLGF	647 IBA1, Se tau Gp- 561 A-beta red X Rb, 488 YoPro	Y		Bottom of brain is very blurry due to mounting gel. Would likely not include deep inferior subcortical structures or brainstem in quantification.
15	L_Hypothalamus	109542.0	Abeta	149.0	6.808165382335507	7.710864109563966	19.32338553537622	2439886.0	Iba1	3.0	23.58553151551077	7.710864109563967	0.3890614537324071	0	0	0	0	0.0	0.0	0.0	0.0	0.0	0.0	0.0	7.710864109563966	0.0	sub-AS134F3	1	a	AS134F3	F	PBS	14.0	App-NLGF	647 IBA1, Se tau Gp- 561 A-beta red X Rb, 488 YoPro	Y		Bottom of brain is very blurry due to mounting gel. Would likely not include deep inferior subcortical structures or brainstem in quantification.
16	R_Hypothalamus	185533.0	Abeta	176.0	8.874726875455208	7.844558700675256	22.43593383842612	1297.0	Iba1	4.0	24.34479242534596	7.844558700675256	0.5099075872369573	0	0	0	0	0.0	0.0	0.0	0.0	0.0	0.0	0.0	7.844558700675256	0.0	sub-AS134F3	1	a	AS134F3	F	PBS	14.0	App-NLGF	647 IBA1, Se tau Gp- 561 A-beta red X Rb, 488 YoPro	Y		Bottom of brain is very blurry due to mounting gel. Would likely not include deep inferior subcortical structures or brainstem in quantification.
17	L_Midbrain	733850.0	Abeta	213.0	6.827591026626599	19.07585659470104	11.165946805197096	4679509.0	Iba1	5.0	26.307518744446547	19.07585659470104	0.2621114273520444	0	0	0	0	0.0	0.0	0.0	0.0	0.0	0.0	0.0	19.07585659470104	0.0	sub-AS134F3	1	a	AS134F3	F	PBS	14.0	App-NLGF	647 IBA1, Se tau Gp- 561 A-beta red X Rb, 488 YoPro	Y		Bottom of brain is very blurry due to mounting gel. Would likely not include deep inferior subcortical structures or brainstem in quantification.
18	R_Midbrain	90578.0	Abeta	189.0	5.477446019392576	19.307441527452216	9.78897176672896	537.0	Iba1	2.0	26.78949289300545	19.307441527452216	0.1035870028225286	0	0	0	0	0.0	0.0	0.0	0.0	0.0	0.0	0.0	19.307441527452216	0.0	sub-AS134F3	1	a	AS134F3	F	PBS	14.0	App-NLGF	647 IBA1, Se tau Gp- 561 A-beta red X Rb, 488 YoPro	Y		Bottom of brain is very blurry due to mounting gel. Would likely not include deep inferior subcortical structures or brainstem in quantification.
19	L_Pons	320515.0	Abeta	125.0	6.158310295255999	8.611112446007082	14.516126781965518	3045297.0	Iba1	3.0	30.45971469645029	8.611112446007082	0.3483870427671724	0	0	0	0	0.0	0.0	0.0	0.0	0.0	0.0	0.0	8.611112446007082	0.0	sub-AS134F3	1	a	AS134F3	F	PBS	14.0	App-NLGF	647 IBA1, Se tau Gp- 561 A-beta red X Rb, 488 YoPro	Y		Bottom of brain is very blurry due to mounting gel. Would likely not include deep inferior subcortical structures or brainstem in quantification.
20	R_Pons	123943.0	Abeta	158.0	6.017233167352241	8.796799378106096	17.96107802495054	2180989.0	Iba1	5.0	29.571573933751893	8.796799378106096	0.5683885450933717	0	0	0	0	0.0	0.0	0.0	0.0	0.0	0.0	0.0	8.796799378106096	0.0	sub-AS134F3	1	a	AS134F3	F	PBS	14.0	App-NLGF	647 IBA1, Se tau Gp- 561 A-beta red X Rb, 488 YoPro	Y		Bottom of brain is very blurry due to mounting gel. Would likely not include deep inferior subcortical structures or brainstem in quantification.
21	L_Medulla	726957.0	Abeta	136.0	11.717730854081312	15.107298347440269	9.002271410297752	1637869.0	Iba1	7.0	30.0349322407816	15.107298347440269	0.463352204941796	0	0	0	0	0.0	0.0	0.0	0.0	0.0	0.0	0.0	15.107298347440269	0.0	sub-AS134F3	1	a	AS134F3	F	PBS	14.0	App-NLGF	647 IBA1, Se tau Gp- 561 A-beta red X Rb, 488 YoPro	Y		Bottom of brain is very blurry due to mounting gel. Would likely not include deep inferior subcortical structures or brainstem in quantification.
22	R_Medulla	267875.0	Abeta	325.0	9.761849357011634	15.55009026244561	20.900200224875498	721119.0	Iba1	13.0	25.31965707287201	15.55009026244561	0.8360080089950199	0	0	0	0	0.0	0.0	0.0	0.0	0.0	0.0	0.0	15.55009026244561	0.0	sub-AS134F3	1	a	AS134F3	F	PBS	14.0	App-NLGF	647 IBA1, Se tau Gp- 561 A-beta red X Rb, 488 YoPro	Y		Bottom of brain is very blurry due to mounting gel. Would likely not include deep inferior subcortical structures or brainstem in quantification.
23	L_Cerebellum	446777.0	Abeta	204.0	6.670706411224233	28.00330339375064	7.284854830574227	350387.0	Iba1	21.0	21.00714776351852	28.00330339375064	0.7499115266767586	0	0	0	0	0.0	0.0	0.0	0.0	0.0	0.0	0.0	28.00330339375064	0.0	sub-AS134F3	1	a	AS134F3	F	PBS	14.0	App-NLGF	647 IBA1, Se tau Gp- 561 A-beta red X Rb, 488 YoPro	Y		Bottom of brain is very blurry due to mounting gel. Would likely not include deep inferior subcortical structures or brainstem in quantification.
24	R_Cerebellum	825668.0	Abeta	206.0	8.181214504150285	28.33582583830949	7.269948692354397	822995.0	Iba1	22.0	20.61867123701986	28.335825838309493	0.7764022875329938	0	0	0	0	0.0	0.0	0.0	0.0	0.0	0.0	0.0	28.335825838309493	0.0	sub-AS134F3	1	a	AS134F3	F	PBS	14.0	App-NLGF	647 IBA1, Se tau Gp- 561 A-beta red X Rb, 488 YoPro	Y		Bottom of brain is very blurry due to mounting gel. Would likely not include deep inferior subcortical structures or brainstem in quantification.
0	Unknown_Label_0	1669757.0	Abeta	741.0	0.0			3850972.0	Iba1	72.0	0.0																sub-AS135M5	1	b	AS135M5	M	PBS	14.0	App-NLGF	647 IBA1, Se tau Gp- 561 A-beta red X Rb, 488 YoPro	Y		
1	L_Isocortex	1911671.0	Abeta	827.0	10.289888455039502	66.69356967390759	12.39999604225032	6132040.0	Iba1	3.0	26.040322304425263	66.69356967390759	0.0449818477953457	0.0	0.0	0.0	0.0	0.0	0.0	0.0	0.0	0.0	0.0	0.0	66.69356967390759	0.0	sub-AS135M5	1	b	AS135M5	M	PBS	14.0	App-NLGF	647 IBA1, Se tau Gp- 561 A-beta red X Rb, 488 YoPro	Y		
2	R_Isocortex	1327687.0	Abeta	1008.0	10.858940741562666	65.19237804249565	15.461930217408778	1098205.0	Iba1	4.0	26.58368421974736	65.19237804249565	0.0613568659420983	0.0	0.0	0.0	0.0	0.0	0.0	0.0	0.0	0.0	0.0	0.0	65.19237804249565	0.0	sub-AS135M5	1	b	AS135M5	M	PBS	14.0	App-NLGF	647 IBA1, Se tau Gp- 561 A-beta red X Rb, 488 YoPro	Y		
3	L_Olfactory areas	2066730.0	Abeta	341.0	10.461001082546089	24.442620677773807	13.95104086813729	3575079.0	Iba1	2.0	28.20674293813911	24.442620677773803	0.081824286616641	0.0	0.0	0.0	0.0	0.0	0.0	0.0	0.0	0.0	0.0	0.0	24.442620677773803	0.0	sub-AS135M5	1	b	AS135M5	M	PBS	14.0	App-NLGF	647 IBA1, Se tau Gp- 561 A-beta red X Rb, 488 YoPro	Y		
4	R_Olfactory areas	858512.0	Abeta	369.0	12.010106539105326	23.99641307137898	15.37729821962908	1548570.0	Iba1	4.0	29.14292740585608	23.99641307137898	0.1666915796165754	0.0	0.0	0.0	0.0	0.0	0.0	0.0	0.0	0.0	0.0	0.0	23.99641307137898	0.0	sub-AS135M5	1	b	AS135M5	M	PBS	14.0	App-NLGF	647 IBA1, Se tau Gp- 561 A-beta red X Rb, 488 YoPro	Y		
5	L_Hippocampal formation	1094555.0	Abeta	266.0	8.787425629773407	22.55689860057793	11.79240128309061	9058118.0	Iba1	3.0	27.88098231992912	22.556898600577927	0.1329970069521497	0.0	0.0	0.0	0.0	0.0	0.0	0.0	0.0	0.0	0.0	0.0	22.55689860057793	0.0	sub-AS135M5	1	b	AS135M5	M	PBS	14.0	App-NLGF	647 IBA1, Se tau Gp- 561 A-beta red X Rb, 488 YoPro	Y		
6	R_Hippocampal formation	557305.0	Abeta	340.0	9.169466887529158	22.52434676581107	15.09477737734327	5705576.0	Iba1	4.0	28.44834522159494	22.52434676581107	0.1775856162040384	0.0	0.0	0.0	0.0	0.0	0.0	0.0	0.0	0.0	0.0	0.0	22.52434676581107	0.0	sub-AS135M5	1	b	AS135M5	M	PBS	14.0	App-NLGF	647 IBA1, Se tau Gp- 561 A-beta red X Rb, 488 YoPro	Y		
7	L_Cortical subplate	52997.0	Abeta	109.0	8.742428542469085	4.695269032307309	23.21485717857495	2677869.0	Iba1	2.0	26.54105007095074	4.695269032307309	0.4259606821756871	0.0	0.0	0.0	0.0	0.0	0.0	0.0	0.0	0.0	0.0	0.0	4.695269032307309	0.0	sub-AS135M5	1	b	AS135M5	M	PBS	14.0	App-NLGF	647 IBA1, Se tau Gp- 561 A-beta red X Rb, 488 YoPro	Y		
8	R_Cortical subplate	53425.0	Abeta	86.0	7.041481783024628	4.676232871624936	18.390871960599345	0.0	0	0.0	26.00683899857521	4.676232871624936	0.0	0.0	0.0	0.0	0.0	0.0	0.0	0.0	0.0	0.0	0.0	0.0	4.676232871624936	0.0	sub-AS135M5	1	b	AS135M5	M	PBS	14.0	App-NLGF	647 IBA1, Se tau Gp- 561 A-beta red X Rb, 488 YoPro	Y		
9	L_Striatum	154132.0	Abeta	311.0	5.588797637871503	23.596463335442323	13.179941230128003	6416829.0	Iba1	2.0	28.923860079383008	23.596463335442323	0.0847584645024308	0.0	0.0	0.0	0.0	0.0	0.0	0.0	0.0	0.0	0.0	0.0	23.596463335442323	0.0	sub-AS135M5	1	b	AS135M5	M	PBS	14.0	App-NLGF	647 IBA1, Se tau Gp- 561 A-beta red X Rb, 488 YoPro	Y		
10	R_Striatum	242477.0	Abeta	448.0	6.380299150178609	23.340998059084875	19.19369509675392	4760678.0	Iba1	2.0	28.944688208524312	23.340998059084875	0.0856861388247942	0.0	0.0	0.0	0.0	0.0	0.0	0.0	0.0	0.0	0.0	0.0	23.340998059084875	0.0	sub-AS135M5	1	b	AS135M5	M	PBS	14.0	App-NLGF	647 IBA1, Se tau Gp- 561 A-beta red X Rb, 488 YoPro	Y		
11	L_Pallidum	41220.0	Abeta	95.0	5.335475877023155	4.916278857829661	19.32355807049128	0.0	0	0.0	28.561256098505385	4.916278857829661	0.0	0.0	0.0	0.0	0.0	0.0	0.0	0.0	0.0	0.0	0.0	0.0	4.916278857829661	0.0	sub-AS135M5	1	b	AS135M5	M	PBS	14.0	App-NLGF	647 IBA1, Se tau Gp- 561 A-beta red X Rb, 488 YoPro	Y		
12	R_Pallidum	59585.0	Abeta	107.0	5.842185825807439	4.974529509517722	21.50957186911403	0.0	0	0.0	29.72623603245064	4.974529509517722	0.0	0.0	0.0	0.0	0.0	0.0	0.0	0.0	0.0	0.0	0.0	0.0	4.974529509517722	0.0	sub-AS135M5	1	b	AS135M5	M	PBS	14.0	App-NLGF	647 IBA1, Se tau Gp- 561 A-beta red X Rb, 488 YoPro	Y		
13	L_Thalamus	63508.0	Abeta	111.0	4.743388992403612	10.625223446473337	10.446839123824969	543.0	Iba1	2.0	26.688745162677368	10.625223446473337	0.1882313355644138	0.0	0.0	0.0	0.0	0.0	0.0	0.0	0.0	0.0	0.0	0.0	10.625223446473337	0.0	sub-AS135M5	1	b	AS135M5	M	PBS	14.0	App-NLGF	647 IBA1, Se tau Gp- 561 A-beta red X Rb, 488 YoPro	Y		
14	R_Thalamus	163701.0	Abeta	247.0	7.095790461685587	10.749148852515583	22.9785635485172	275.0	Iba1	1.0	26.875236864009068	10.749148852515583	0.0930306216539157	0.0	0.0	0.0	0.0	0.0	0.0	0.0	0.0	0.0	0.0	0.0	10.749148852515583	0.0	sub-AS135M5	1	b	AS135M5	M	PBS	14.0	App-NLGF	647 IBA1, Se tau Gp- 561 A-beta red X Rb, 488 YoPro	Y		
15	L_Hypothalamus	84083.0	Abeta	122.0	5.806673842841765	7.958066973266048	15.330356028648792	3164667.0	Iba1	2.0	28.042100227245545	7.958066973266048	0.2513173119450622	0.0	0.0	0.0	0.0	0.0	0.0	0.0	0.0	0.0	0.0	0.0	7.958066973266048	0.0	sub-AS135M5	1	b	AS135M5	M	PBS	14.0	App-NLGF	647 IBA1, Se tau Gp- 561 A-beta red X Rb, 488 YoPro	Y		
16	R_Hypothalamus	112390.0	Abeta	121.0	5.754035794713761	8.030404383859066	15.067734352607111	0.0	0	0.0	26.34531231480384	8.030404383859066	0.0	0.0	0.0	0.0	0.0	0.0	0.0	0.0	0.0	0.0	0.0	0.0	8.030404383859066	0.0	sub-AS135M5	1	b	AS135M5	M	PBS	14.0	App-NLGF	647 IBA1, Se tau Gp- 561 A-beta red X Rb, 488 YoPro	Y		
17	L_Midbrain	670882.0	Abeta	220.0	5.880370374034248	19.24308374899044	11.43267902742158	4863199.0	Iba1	1.0	26.99665634552415	19.24308374899044	0.0519667228519162	0.0	0.0	0.0	0.0	0.0	0.0	0.0	0.0	0.0	0.0	0.0	19.24308374899044	0.0	sub-AS135M5	1	b	AS135M5	M	PBS	14.0	App-NLGF	647 IBA1, Se tau Gp- 561 A-beta red X Rb, 488 YoPro	Y		
18	R_Midbrain	115718.0	Abeta	255.0	6.112561904669242	19.565175587736185	13.03336118076235	0.0	0	0.0	26.90444546064857	19.565175587736185	0.0	0.0	0.0	0.0	0.0	0.0	0.0	0.0	0.0	0.0	0.0	0.0	19.565175587736185	0.0	sub-AS135M5	1	b	AS135M5	M	PBS	14.0	App-NLGF	647 IBA1, Se tau Gp- 561 A-beta red X Rb, 488 YoPro	Y		
19	L_Pons	162125.0	Abeta	171.0	7.130001523030395	8.749209811225471	19.544622164689937	3262678.0	Iba1	1.0	30.29346619960401	8.749209811225471	0.1142960360508183	0.0	0.0	0.0	0.0	0.0	0.0	0.0	0.0	0.0	0.0	0.0	8.749209811225471	0.0	sub-AS135M5	1	b	AS135M5	M	PBS	14.0	App-NLGF	647 IBA1, Se tau Gp- 561 A-beta red X Rb, 488 YoPro	Y		
20	R_Pons	95115.0	Abeta	145.0	4.612252329442005	8.887031614565853	16.315909100890885	1958026.0	Iba1	3.0	24.62429045732034	8.887031614565853	0.3375705331218803	0.0	0.0	0.0	0.0	0.0	0.0	0.0	0.0	0.0	0.0	0.0	8.887031614565853	0.0	sub-AS135M5	1	b	AS135M5	M	PBS	14.0	App-NLGF	647 IBA1, Se tau Gp- 561 A-beta red X Rb, 488 YoPro	Y		
21	L_Medulla	252210.0	Abeta	347.0	8.836786533689189	16.262211347737637	21.33781148086443	2433759.0	Iba1	3.0	29.53612398745143	16.262211347737637	0.1844767563187127	0.0	0.0	0.0	0.0	0.0	0.0	0.0	0.0	0.0	0.0	0.0	16.262211347737637	0.0	sub-AS135M5	1	b	AS135M5	M	PBS	14.0	App-NLGF	647 IBA1, Se tau Gp- 561 A-beta red X Rb, 488 YoPro	Y		
22	R_Medulla	397681.0	Abeta	356.0	7.793782837127845	16.521864579445207	21.547204813850023	841718.0	Iba1	1.0	28.0586920453498	16.521864579445207	0.0605258562186798	0.0	0.0	0.0	0.0	0.0	0.0	0.0	0.0	0.0	0.0	0.0	16.521864579445207	0.0	sub-AS135M5	1	b	AS135M5	M	PBS	14.0	App-NLGF	647 IBA1, Se tau Gp- 561 A-beta red X Rb, 488 YoPro	Y		
23	L_Cerebellum	908988.0	Abeta	259.0	10.591678510565206	28.260893787444186	9.16460752968362	2384426.0	Iba1	2.0	25.306178810311263	28.260893787444186	0.070769170113387	0.0	0.0	0.0	0.0	0.0	0.0	0.0	0.0	0.0	0.0	0.0	28.260893787444186	0.0	sub-AS135M5	1	b	AS135M5	M	PBS	14.0	App-NLGF	647 IBA1, Se tau Gp- 561 A-beta red X Rb, 488 YoPro	Y		
24	R_Cerebellum	1305238.0	Abeta	273.0	9.507717178705908	28.614014568102206	9.540779374045956	4925611.0	Iba1	2.0	23.829623321846267	28.614014568102206	0.0698958195900802	0.0	0.0	0.0	0.0	0.0	0.0	0.0	0.0	0.0	0.0	0.0	28.614014568102206	0.0	sub-AS135M5	1	b	AS135M5	M	PBS	14.0	App-NLGF	647 IBA1, Se tau Gp- 561 A-beta red X Rb, 488 YoPro	Y		
0	Unknown_Label_0	1434562.0	Abeta	405.0	0.0			15511536.0	Iba1	86.0	0.0			Abeta_3689	Iba1_5667	Abeta	Iba1	0.0280446283029913	0.0278392070895163	54943.66666666666	51771.333333333336	0.0237645894684345	0.6107227125925552	3.0			sub-AS135M6	1	e	AS135M6	M	Lecanemab	14.0	App-NLGF	647 IBA1, Se tau Gp- 561 A-beta red X Rb, 488 YoPro	Y		
1	L_Isocortex	721163.0	Abeta	1168.0	6.642530916856724	65.60508200608949	17.803498818758975	5282149.0	Iba1	7.0	25.13758363945519	65.60508200608949	0.1066990511398226	0	0	0	0	0.0	0.0	0.0	0.0	0.0	0.0	0.0	65.60508200608949	0.0	sub-AS135M6	1	e	AS135M6	M	Lecanemab	14.0	App-NLGF	647 IBA1, Se tau Gp- 561 A-beta red X Rb, 488 YoPro	Y		
2	R_Isocortex	1014770.0	Abeta	1268.0	7.642730091119062	64.53391724449236	19.648582546075293	3284574.0	Iba1	11.0	24.91530263386892	64.53391724449236	0.1704530031599591	0	0	0	0	0.0	0.0	0.0	0.0	0.0	0.0	0.0	64.53391724449236	0.0	sub-AS135M6	1	e	AS135M6	M	Lecanemab	14.0	App-NLGF	647 IBA1, Se tau Gp- 561 A-beta red X Rb, 488 YoPro	Y		
3	L_Olfactory areas	804221.0	Abeta	279.0	6.39163823879413	23.99508054013121	11.627383351907447	3715584.0	Iba1	10.0	27.510821102737008	23.99508054013121	0.4167520914662168	0	0	0	0	0.0	0.0	0.0	0.0	0.0	0.0	0.0	23.99508054013121	0.0	sub-AS135M6	1	e	AS135M6	M	Lecanemab	14.0	App-NLGF	647 IBA1, Se tau Gp- 561 A-beta red X Rb, 488 YoPro	Y		
4	R_Olfactory areas	844763.0	Abeta	311.0	6.987549652238079	24.24940364684772	12.825057660353153	835943.0	Iba1	11.0	27.6589656634167	24.24940364684772	0.4536194027777642	0	0	0	0	0.0	0.0	0.0	0.0	0.0	0.0	0.0	24.24940364684772	0.0	sub-AS135M6	1	e	AS135M6	M	Lecanemab	14.0	App-NLGF	647 IBA1, Se tau Gp- 561 A-beta red X Rb, 488 YoPro	Y		
5	L_Hippocampal formation	254934.0	Abeta	265.0	6.18516468073146	22.35016589556736	11.85673525817348	9267112.0	Iba1	8.0	24.4354776891039	22.35016589556736	0.3579391776052371	0	0	0	0	0.0	0.0	0.0	0.0	0.0	0.0	0.0	22.35016589556736	0.0	sub-AS135M6	1	e	AS135M6	M	Lecanemab	14.0	App-NLGF	647 IBA1, Se tau Gp- 561 A-beta red X Rb, 488 YoPro	Y		
6	R_Hippocampal formation	587290.0	Abeta	277.0	7.323239544502885	22.36710807857467	12.384256338678703	646418.0	Iba1	11.0	25.910875078724743	22.36710807857467	0.4917935730161218	0	0	0	0	0.0	0.0	0.0	0.0	0.0	0.0	0.0	22.36710807857467	0.0	sub-AS135M6	1	e	AS135M6	M	Lecanemab	14.0	App-NLGF	647 IBA1, Se tau Gp- 561 A-beta red X Rb, 488 YoPro	Y		
7	L_Cortical subplate	36941.0	Abeta	97.0	5.917487835793434	4.6556738180879735	20.83479294085011	1785722.0	Iba1	9.0	23.45148628204604	4.6556738180879735	1.9331251182232063	0	0	0	0	0.0	0.0	0.0	0.0	0.0	0.0	0.0	4.6556738180879735	0.0	sub-AS135M6	1	e	AS135M6	M	Lecanemab	14.0	App-NLGF	647 IBA1, Se tau Gp- 561 A-beta red X Rb, 488 YoPro	Y		
8	R_Cortical subplate	72263.0	Abeta	117.0	8.213020408163265	4.663859367181395	25.08651972297977	1196914.0	Iba1	7.0	24.684938775510204	4.663859367181394	1.500902889409046	0	0	0	0	0.0	0.0	0.0	0.0	0.0	0.0	0.0	4.663859367181394	0.0	sub-AS135M6	1	e	AS135M6	M	Lecanemab	14.0	App-NLGF	647 IBA1, Se tau Gp- 561 A-beta red X Rb, 488 YoPro	Y		
9	L_Striatum	89131.0	Abeta	209.0	3.077249016800777	23.13693041656984	9.03317753206889	3443029.0	Iba1	19.0	26.9734824176005	23.13693041656984	0.8211979574608083	0	0	0	0	0.0	0.0	0.0	0.0	0.0	0.0	0.0	23.13693041656984	0.0	sub-AS135M6	1	e	AS135M6	M	Lecanemab	14.0	App-NLGF	647 IBA1, Se tau Gp- 561 A-beta red X Rb, 488 YoPro	Y		
10	R_Striatum	162580.0	Abeta	292.0	4.247675865003765	23.26142690743256	12.552970252512724	2408576.0	Iba1	6.0	27.34519133195849	23.26142690743256	0.257937744914645	0	0	0	0	0.0	0.0	0.0	0.0	0.0	0.0	0.0	23.26142690743256	0.0	sub-AS135M6	1	e	AS135M6	M	Lecanemab	14.0	App-NLGF	647 IBA1, Se tau Gp- 561 A-beta red X Rb, 488 YoPro	Y		
11	L_Pallidum	18795.0	Abeta	49.0	2.3190681284259984	4.8618354382780735	10.07849825895268	6760.0	Iba1	12.0	19.9628817541112	4.8618354382780735	2.468203655253717	0	0	0	0	0.0	0.0	0.0	0.0	0.0	0.0	0.0	4.8618354382780735	0.0	sub-AS135M6	1	e	AS135M6	M	Lecanemab	14.0	App-NLGF	647 IBA1, Se tau Gp- 561 A-beta red X Rb, 488 YoPro	Y		
12	R_Pallidum	28326.0	Abeta	58.0	3.0848889913190445	4.955874072048997	11.703283650228023	2988.0	Iba1	8.0	22.444918183913344	4.955874072048997	1.614246020721107	0	0	0	0	0.0	0.0	0.0	0.0	0.0	0.0	0.0	4.955874072048997	0.0	sub-AS135M6	1	e	AS135M6	M	Lecanemab	14.0	App-NLGF	647 IBA1, Se tau Gp- 561 A-beta red X Rb, 488 YoPro	Y		
13	L_Thalamus	24898.0	Abeta	43.0	2.3741586213119192	10.548888442137018	4.076258862330803	239.0	Iba1	1.0	26.64361634936389	10.548888442137018	0.0947967177286233	0	0	0	0	0.0	0.0	0.0	0.0	0.0	0.0	0.0	10.548888442137018	0.0	sub-AS135M6	1	e	AS135M6	M	Lecanemab	14.0	App-NLGF	647 IBA1, Se tau Gp- 561 A-beta red X Rb, 488 YoPro	Y		
14	R_Thalamus	42558.0	Abeta	42.0	2.338637051275206	10.69584760260494	3.926757519410713	0.0	0	0.0	27.24443376581772	10.69584760260494	0.0	0	0	0	0	0.0	0.0	0.0	0.0	0.0	0.0	0.0	10.69584760260494	0.0	sub-AS135M6	1	e	AS135M6	M	Lecanemab	14.0	App-NLGF	647 IBA1, Se tau Gp- 561 A-beta red X Rb, 488 YoPro	Y		
15	L_Hypothalamus	17201.0	Abeta	33.0	1.6098783279122997	7.900958491218929	4.176708438182023	2430517.0	Iba1	19.0	23.22790025298157	7.900958491218929	2.404771525013892	0	0	0	0	0.0	0.0	0.0	0.0	0.0	0.0	0.0	7.900958491218929	0.0	sub-AS135M6	1	e	AS135M6	M	Lecanemab	14.0	App-NLGF	647 IBA1, Se tau Gp- 561 A-beta red X Rb, 488 YoPro	Y		
16	R_Hypothalamus	40624.0	Abeta	33.0	1.895453463461081	7.997091102664914	4.126500445768741	1165.0	Iba1	2.0	24.19409664365628	7.997091102664913	0.2500909361071964	0	0	0	0	0.0	0.0	0.0	0.0	0.0	0.0	0.0	7.997091102664913	0.0	sub-AS135M6	1	e	AS135M6	M	Lecanemab	14.0	App-NLGF	647 IBA1, Se tau Gp- 561 A-beta red X Rb, 488 YoPro	Y		
17	L_Midbrain	307378.0	Abeta	99.0	2.8552444280751352	19.12353665990513	5.1768666936783605	4789334.0	Iba1	5.0	24.170746274599587	19.12353665990513	0.2614579138221394	0	0	0	0	0.0	0.0	0.0	0.0	0.0	0.0	0.0	19.12353665990513	0.0	sub-AS135M6	1	e	AS135M6	M	Lecanemab	14.0	App-NLGF	647 IBA1, Se tau Gp- 561 A-beta red X Rb, 488 YoPro	Y		
18	R_Midbrain	56690.0	Abeta	114.0	2.879111721162802	19.41593208798638	5.87146676674552	2104.0	Iba1	5.0	26.3805774792882	19.41593208798638	0.2575204722256807	0	0	0	0	0.0	0.0	0.0	0.0	0.0	0.0	0.0	19.41593208798638	0.0	sub-AS135M6	1	e	AS135M6	M	Lecanemab	14.0	App-NLGF	647 IBA1, Se tau Gp- 561 A-beta red X Rb, 488 YoPro	Y		
19	L_Pons	18804.0	Abeta	35.0	1.303691863011299	8.693433860426119	4.026027063865468	2861041.0	Iba1	4.0	29.540268897258475	8.693433860426119	0.460117378727482	0	0	0	0	0.0	0.0	0.0	0.0	0.0	0.0	0.0	8.693433860426119	0.0	sub-AS135M6	1	e	AS135M6	M	Lecanemab	14.0	App-NLGF	647 IBA1, Se tau Gp- 561 A-beta red X Rb, 488 YoPro	Y		
20	R_Pons	4909.0	Abeta	17.0	0.8431860475180681	8.797371297751875	1.9323954195663275	2271.0	Iba1	7.0	23.779828623360885	8.797371297751875	0.7956922315861348	0	0	0	0	0.0	0.0	0.0	0.0	0.0	0.0	0.0	8.797371297751875	0.0	sub-AS135M6	1	e	AS135M6	M	Lecanemab	14.0	App-NLGF	647 IBA1, Se tau Gp- 561 A-beta red X Rb, 488 YoPro	Y		
21	L_Medulla	128676.0	Abeta	80.0	2.5788350178674624	16.14095100419092	4.956337453674717	2116088.0	Iba1	8.0	30.39280112276067	16.14095100419092	0.4956337453674717	0	0	0	0	0.0	0.0	0.0	0.0	0.0	0.0	0.0	16.14095100419092	0.0	sub-AS135M6	1	e	AS135M6	M	Lecanemab	14.0	App-NLGF	647 IBA1, Se tau Gp- 561 A-beta red X Rb, 488 YoPro	Y		
22	R_Medulla	87304.0	Abeta	70.0	1.6984463768115945	16.418688588546743	4.263434294553233	814820.0	Iba1	10.0	24.048115942028986	16.418688588546743	0.6090620420790333	0	0	0	0	0.0	0.0	0.0	0.0	0.0	0.0	0.0	16.418688588546743	0.0	sub-AS135M6	1	e	AS135M6	M	Lecanemab	14.0	App-NLGF	647 IBA1, Se tau Gp- 561 A-beta red X Rb, 488 YoPro	Y		
23	L_Cerebellum	575704.0	Abeta	106.0	5.737574673873288	28.1053683546692	3.771521463883964	2631881.0	Iba1	16.0	24.654617249834057	28.1053683546692	0.5692862586994661	0	0	0	0	0.0	0.0	0.0	0.0	0.0	0.0	0.0	28.1053683546692	0.0	sub-AS135M6	1	e	AS135M6	M	Lecanemab	14.0	App-NLGF	647 IBA1, Se tau Gp- 561 A-beta red X Rb, 488 YoPro	Y		
24	R_Cerebellum	753915.0	Abeta	109.0	5.955595621895883	28.4013806532801	3.837841594063896	1639400.0	Iba1	18.0	24.86522517208791	28.4013806532801	0.6337720063591755	0	0	0	0	0.0	0.0	0.0	0.0	0.0	0.0	0.0	28.4013806532801	0.0	sub-AS135M6	1	e	AS135M6	M	Lecanemab	14.0	App-NLGF	647 IBA1, Se tau Gp- 561 A-beta red X Rb, 488 YoPro	Y		
0	Unknown_Label_0	2593996.0	Abeta	307.0	0.0			7641778.0	Iba1	73.0	0.0			Abeta_4259	Iba1_4502	Abeta	Iba1	0.021172625774742	0.0213259573037334	13665.42857142857	11223.857142857143	0.016371212991702	0.6753268168430993	7.0			sub-AS135M7	1	f	AS135M7	M	Lecanemab	14.0	App-NLGF	647 IBA1, Se tau Gp- 561 A-beta red X Rb, 488 YoPro	Y		
1	L_Isocortex	3005096.0	Abeta	750.0	9.519095034765972	65.26814196201148	11.491057925879494	7066352.0	Iba1	4.0	28.617527649447013	65.26814196201148	0.0612856422713573	0	0	0	0	0.0	0.0	0.0	0.0	0.0	0.0	0.0	65.26814196201148	0.0	sub-AS135M7	1	f	AS135M7	M	Lecanemab	14.0	App-NLGF	647 IBA1, Se tau Gp- 561 A-beta red X Rb, 488 YoPro	Y		
2	R_Isocortex	1657918.0	Abeta	752.0	10.268182120613394	65.80477133164759	11.42774277278492	3444474.0	Iba1	4.0	28.607414885892567	65.80477133164759	0.0607858658126857	0	0	0	0	0.0	0.0	0.0	0.0	0.0	0.0	0.0	65.80477133164759	0.0	sub-AS135M7	1	f	AS135M7	M	Lecanemab	14.0	App-NLGF	647 IBA1, Se tau Gp- 561 A-beta red X Rb, 488 YoPro	Y		
3	L_Olfactory areas	615278.0	Abeta	283.0	8.562493269127218	24.7466281638713	11.435901413557596	2506167.0	Iba1	4.0	30.61893259896306	24.7466281638713	0.1616381825237822	0	0	0	0	0.0	0.0	0.0	0.0	0.0	0.0	0.0	24.7466281638713	0.0	sub-AS135M7	1	f	AS135M7	M	Lecanemab	14.0	App-NLGF	647 IBA1, Se tau Gp- 561 A-beta red X Rb, 488 YoPro	Y		
4	R_Olfactory areas	296682.0	Abeta	302.0	8.606789196441504	24.971445221530125	12.093813446552891	0.0	0	0.0	28.99169836635437	24.971445221530125	0.0	0	0	0	0	0.0	0.0	0.0	0.0	0.0	0.0	0.0	24.971445221530125	0.0	sub-AS135M7	1	f	AS135M7	M	Lecanemab	14.0	App-NLGF	647 IBA1, Se tau Gp- 561 A-beta red X Rb, 488 YoPro	Y		
5	L_Hippocampal formation	277760.0	Abeta	214.0	6.83465517530475	22.70595173872092	9.42484166541504	4085706.0	Iba1	1.0	30.029963614413383	22.70595173872092	0.0440413161935282	0	0	0	0	0.0	0.0	0.0	0.0	0.0	0.0	0.0	22.70595173872092	0.0	sub-AS135M7	1	f	AS135M7	M	Lecanemab	14.0	App-NLGF	647 IBA1, Se tau Gp- 561 A-beta red X Rb, 488 YoPro	Y		
6	R_Hippocampal formation	1130102.0	Abeta	191.0	7.611105085311417	22.815790385858204	8.37139528238244	8566061.0	Iba1	4.0	30.22425430728797	22.815790385858204	0.1753171786886375	0	0	0	0	0.0	0.0	0.0	0.0	0.0	0.0	0.0	22.815790385858204	0.0	sub-AS135M7	1	f	AS135M7	M	Lecanemab	14.0	App-NLGF	647 IBA1, Se tau Gp- 561 A-beta red X Rb, 488 YoPro	Y		
7	L_Cortical subplate	64023.0	Abeta	111.0	7.73856313788273	4.756184746490903	23.33803372164957	1976913.0	Iba1	1.0	27.919551731038624	4.756184746490903	0.210252556050897	0	0	0	0	0.0	0.0	0.0	0.0	0.0	0.0	0.0	4.756184746490903	0.0	sub-AS135M7	1	f	AS135M7	M	Lecanemab	14.0	App-NLGF	647 IBA1, Se tau Gp- 561 A-beta red X Rb, 488 YoPro	Y		
8	R_Cortical subplate	51891.0	Abeta	94.0	7.179748759801568	4.758278724165964	19.75504283147608	0.0	0	0.0	28.53124499919987	4.758278724165964	0.0	0	0	0	0	0.0	0.0	0.0	0.0	0.0	0.0	0.0	4.758278724165964	0.0	sub-AS135M7	1	f	AS135M7	M	Lecanemab	14.0	App-NLGF	647 IBA1, Se tau Gp- 561 A-beta red X Rb, 488 YoPro	Y		
9	L_Striatum	316252.0	Abeta	225.0	4.219342267467292	23.93511663398174	9.400413770307582	5367420.0	Iba1	1.0	31.34655426094564	23.93511663398174	0.0417796167569225	0	0	0	0	0.0	0.0	0.0	0.0	0.0	0.0	0.0	23.93511663398174	0.0	sub-AS135M7	1	f	AS135M7	M	Lecanemab	14.0	App-NLGF	647 IBA1, Se tau Gp- 561 A-beta red X Rb, 488 YoPro	Y		
10	R_Striatum	203378.0	Abeta	241.0	4.664413754896917	24.053140830212453	10.019481518076296	7473389.0	Iba1	2.0	32.19946974793241	24.053140830212453	0.0831492242164008	0	0	0	0	0.0	0.0	0.0	0.0	0.0	0.0	0.0	24.053140830212453	0.0	sub-AS135M7	1	f	AS135M7	M	Lecanemab	14.0	App-NLGF	647 IBA1, Se tau Gp- 561 A-beta red X Rb, 488 YoPro	Y		
11	L_Pallidum	47083.0	Abeta	42.0	3.5832440703902058	4.976052402372312	8.44042558313427	0.0	0	0.0	32.80654169854629	4.976052402372312	0.0	0	0	0	0	0.0	0.0	0.0	0.0	0.0	0.0	0.0	4.976052402372312	0.0	sub-AS135M7	1	f	AS135M7	M	Lecanemab	14.0	App-NLGF	647 IBA1, Se tau Gp- 561 A-beta red X Rb, 488 YoPro	Y		
12	R_Pallidum	30567.0	Abeta	45.0	3.876896499924892	5.068948866502293	8.87758018183584	0.0	0	0.0	31.29161033498573	5.068948866502293	0.0	0	0	0	0	0.0	0.0	0.0	0.0	0.0	0.0	0.0	5.068948866502293	0.0	sub-AS135M7	1	f	AS135M7	M	Lecanemab	14.0	App-NLGF	647 IBA1, Se tau Gp- 561 A-beta red X Rb, 488 YoPro	Y		
13	L_Thalamus	50847.0	Abeta	95.0	3.676752466828465	10.745722343592757	8.840727217993372	0.0	0	0.0	29.91560523658524	10.745722343592757	0.0	0	0	0	0	0.0	0.0	0.0	0.0	0.0	0.0	0.0	10.745722343592757	0.0	sub-AS135M7	1	f	AS135M7	M	Lecanemab	14.0	App-NLGF	647 IBA1, Se tau Gp- 561 A-beta red X Rb, 488 YoPro	Y		
14	R_Thalamus	39427.0	Abeta	98.0	3.3760053034664432	10.91171766474305	8.981170793728351	0.0	0	0.0	29.43013904153801	10.91171766474305	0.0	0	0	0	0	0.0	0.0	0.0	0.0	0.0	0.0	0.0	10.91171766474305	0.0	sub-AS135M7	1	f	AS135M7	M	Lecanemab	14.0	App-NLGF	647 IBA1, Se tau Gp- 561 A-beta red X Rb, 488 YoPro	Y		
15	L_Hypothalamus	26295.0	Abeta	48.0	2.1595958165120286	8.063146580232747	5.953010964438458	6490080.0	Iba1	2.0	28.499988195575703	8.063146580232747	0.2480421235182691	0	0	0	0	0.0	0.0	0.0	0.0	0.0	0.0	0.0	8.063146580232747	0.0	sub-AS135M7	1	f	AS135M7	M	Lecanemab	14.0	App-NLGF	647 IBA1, Se tau Gp- 561 A-beta red X Rb, 488 YoPro	Y		
16	R_Hypothalamus	43736.0	Abeta	67.0	2.602309769954364	8.175650289865573	8.195066768334295	0.0	0	0.0	29.79316848281643	8.175650289865573	0.0	0	0	0	0	0.0	0.0	0.0	0.0	0.0	0.0	0.0	8.175650289865573	0.0	sub-AS135M7	1	f	AS135M7	M	Lecanemab	14.0	App-NLGF	647 IBA1, Se tau Gp- 561 A-beta red X Rb, 488 YoPro	Y		
17	L_Midbrain	42377.0	Abeta	84.0	4.767166481188622	19.50026227980929	4.307634368947652	5536283.0	Iba1	1.0	29.147835764071928	19.50026227980929	0.051281361535091	0	0	0	0	0.0	0.0	0.0	0.0	0.0	0.0	0.0	19.50026227980929	0.0	sub-AS135M7	1	f	AS135M7	M	Lecanemab	14.0	App-NLGF	647 IBA1, Se tau Gp- 561 A-beta red X Rb, 488 YoPro	Y		
18	R_Midbrain	69886.0	Abeta	89.0	4.529656537700129	19.808648082863733	4.492987084615483	0.0	0	0.0	29.37401256991293	19.808648082863733	0.0	0	0	0	0	0.0	0.0	0.0	0.0	0.0	0.0	0.0	19.808648082863733	0.0	sub-AS135M7	1	f	AS135M7	M	Lecanemab	14.0	App-NLGF	647 IBA1, Se tau Gp- 561 A-beta red X Rb, 488 YoPro	Y		
19	L_Pons	16777.0	Abeta	35.0	1.2468809723206424	8.8649496681743	3.9481329629712505	0.0	0	0.0	31.838025295797635	8.8649496681743	0.0	0	0	0	0	0.0	0.0	0.0	0.0	0.0	0.0	0.0	8.8649496681743	0.0	sub-AS135M7	1	f	AS135M7	M	Lecanemab	14.0	App-NLGF	647 IBA1, Se tau Gp- 561 A-beta red X Rb, 488 YoPro	Y		
20	R_Pons	16203.0	Abeta	33.0	1.7862139132646573	8.980879886729952	3.6744729265069487	0.0	0	0.0	32.574505065920555	8.980879886729952	0.0	0	0	0	0	0.0	0.0	0.0	0.0	0.0	0.0	0.0	8.980879886729952	0.0	sub-AS135M7	1	f	AS135M7	M	Lecanemab	14.0	App-NLGF	647 IBA1, Se tau Gp- 561 A-beta red X Rb, 488 YoPro	Y		
21	L_Medulla	78143.0	Abeta	73.0	2.628806459613636	13.815303253625409	5.283995483837343	3211819.0	Iba1	3.0	30.785873728883622	13.815303253625409	0.2171504993357811	0	0	0	0	0.0	0.0	0.0	0.0	0.0	0.0	0.0	13.815303253625409	0.0	sub-AS135M7	1	f	AS135M7	M	Lecanemab	14.0	App-NLGF	647 IBA1, Se tau Gp- 561 A-beta red X Rb, 488 YoPro	Y		
22	R_Medulla	243017.0	Abeta	70.0	2.966947666047072	14.54248459169206	4.813482837725688	1668812.0	Iba1	2.0	29.999738199335027	14.54248459169206	0.1375280810778768	0	0	0	0	0.0	0.0	0.0	0.0	0.0	0.0	0.0	14.54248459169206	0.0	sub-AS135M7	1	f	AS135M7	M	Lecanemab	14.0	App-NLGF	647 IBA1, Se tau Gp- 561 A-beta red X Rb, 488 YoPro	Y		
23	L_Cerebellum	1733472.0	Abeta	86.0	8.358877183967111	26.671945455286508	3.2243617228511687	7646372.0	Iba1	3.0	27.555041680940963	26.671945455286515	0.1124777345180639	0	0	0	0	0.0	0.0	0.0	0.0	0.0	0.0	0.0	26.67194545528651	0.0	sub-AS135M7	1	f	AS135M7	M	Lecanemab	14.0	App-NLGF	647 IBA1, Se tau Gp- 561 A-beta red X Rb, 488 YoPro	Y		
24	R_Cerebellum	881044.0	Abeta	94.0	7.271216969481951	27.90111035054733	3.3690415477732416	227.0	Iba1	1.0	26.487838492450656	27.90111035054733	0.0358408675295025	0	0	0	0	0.0	0.0	0.0	0.0	0.0	0.0	0.0	27.90111035054733	0.0	sub-AS135M7	1	f	AS135M7	M	Lecanemab	14.0	App-NLGF	647 IBA1, Se tau Gp- 561 A-beta red X Rb, 488 YoPro	Y		
0	Unknown_Label_0	972590.0	Abeta	622.0	0.0			11659455.0	Iba1	66.0	0.0			Abeta_1573	Iba1_6787	Abeta	Iba1	0.0087101538369231	0.0096327231129306	346.0	468.0	0.0038837917948348	0.788267031095913	1.0			sub-AS135M8	1	c	AS135M8	M	PBS	14.0	App-NLGF	647 IBA1, Se tau Gp- 561 A-beta red X Rb, 488 YoPro	Y		
1	L_Isocortex	694584.0	Abeta	886.0	6.586872273882618	72.79656278867638	12.170904312776408	5520351.0	Iba1	3.0	25.44437151553821	72.79656278867638	0.0412107369507101	0	0	0	0	0.0	0.0	0.0	0.0	0.0	0.0	0.0	72.79656278867638	0.0	sub-AS135M8	1	c	AS135M8	M	PBS	14.0	App-NLGF	647 IBA1, Se tau Gp- 561 A-beta red X Rb, 488 YoPro	Y		
2	R_Isocortex	897666.0	Abeta	1290.0	7.877792180953991	70.92930578734241	18.187122877920583	4820695.0	Iba1	6.0	26.27153028826928	70.92930578734241	0.0845912691996306	0	0	0	0	0.0	0.0	0.0	0.0	0.0	0.0	0.0	70.92930578734241	0.0	sub-AS135M8	1	c	AS135M8	M	PBS	14.0	App-NLGF	647 IBA1, Se tau Gp- 561 A-beta red X Rb, 488 YoPro	Y		
3	L_Olfactory areas	1150923.0	Abeta	390.0	8.532492321823245	26.52803208052777	14.701429748581676	3608728.0	Iba1	5.0	29.595611240276703	26.528032080527773	0.1884798685715599	0	0	0	0	0.0	0.0	0.0	0.0	0.0	0.0	0.0	26.52803208052777	0.0	sub-AS135M8	1	c	AS135M8	M	PBS	14.0	App-NLGF	647 IBA1, Se tau Gp- 561 A-beta red X Rb, 488 YoPro	Y		
4	R_Olfactory areas	1044154.0	Abeta	338.0	9.147203084282298	26.662998459765795	12.676743784463651	1962053.0	Iba1	4.0	29.973669367793523	26.662998459765795	0.1500206365025284	0	0	0	0	0.0	0.0	0.0	0.0	0.0	0.0	0.0	26.662998459765795	0.0	sub-AS135M8	1	c	AS135M8	M	PBS	14.0	App-NLGF	647 IBA1, Se tau Gp- 561 A-beta red X Rb, 488 YoPro	Y		
5	L_Hippocampal formation	158770.0	Abeta	164.0	3.904369466453724	24.55398221776569	6.679160982748456	9247280.0	Iba1	3.0	27.84759586311693	24.55398221776569	0.1221797740746668	0	0	0	0	0.0	0.0	0.0	0.0	0.0	0.0	0.0	24.55398221776569	0.0	sub-AS135M8	1	c	AS135M8	M	PBS	14.0	App-NLGF	647 IBA1, Se tau Gp- 561 A-beta red X Rb, 488 YoPro	Y		
6	R_Hippocampal formation	258126.0	Abeta	354.0	6.342747161194767	24.676955815773816	14.345367501680204	4595609.0	Iba1	2.0	27.39143884226117	24.676955815773816	0.0810472740207921	0	0	0	0	0.0	0.0	0.0	0.0	0.0	0.0	0.0	24.676955815773816	0.0	sub-AS135M8	1	c	AS135M8	M	PBS	14.0	App-NLGF	647 IBA1, Se tau Gp- 561 A-beta red X Rb, 488 YoPro	Y		
7	L_Cortical subplate	21633.0	Abeta	59.0	5.121114402489782	5.0767536923820655	11.621599859873562	2183491.0	Iba1	2.0	25.31418500881173	5.0767536923820655	0.3939525376228326	0	0	0	0	0.0	0.0	0.0	0.0	0.0	0.0	0.0	5.0767536923820655	0.0	sub-AS135M8	1	c	AS135M8	M	PBS	14.0	App-NLGF	647 IBA1, Se tau Gp- 561 A-beta red X Rb, 488 YoPro	Y		
8	R_Cortical subplate	12989.0	Abeta	39.0	4.454494445067894	5.088936835218784	7.663683253070542	1664302.0	Iba1	1.0	25.6354692701904	5.088936835218784	0.1965046987966805	0	0	0	0	0.0	0.0	0.0	0.0	0.0	0.0	0.0	5.088936835218784	0.0	sub-AS135M8	1	c	AS135M8	M	PBS	14.0	App-NLGF	647 IBA1, Se tau Gp- 561 A-beta red X Rb, 488 YoPro	Y		
9	L_Striatum	17981.0	Abeta	57.0	2.342802544972654	26.000159344805567	2.19229425651146	6124168.0	Iba1	2.0	28.79909652006472	26.000159344805567	0.0769226054916301	0	0	0	0	0.0	0.0	0.0	0.0	0.0	0.0	0.0	26.000159344805567	0.0	sub-AS135M8	1	c	AS135M8	M	PBS	14.0	App-NLGF	647 IBA1, Se tau Gp- 561 A-beta red X Rb, 488 YoPro	Y		
10	R_Striatum	93304.0	Abeta	241.0	4.064209178416885	25.86709658163577	9.31685545918968	3181006.0	Iba1	3.0	28.84357245886197	25.86709658163577	0.1159774538488342	0	0	0	0	0.0	0.0	0.0	0.0	0.0	0.0	0.0	25.86709658163577	0.0	sub-AS135M8	1	c	AS135M8	M	PBS	14.0	App-NLGF	647 IBA1, Se tau Gp- 561 A-beta red X Rb, 488 YoPro	Y		
11	L_Pallidum	6493.0	Abeta	22.0	2.2254461099214846	5.333932223200925	4.124536848126216	303.0	Iba1	1.0	25.98857958601	5.333932223200925	0.1874789476421006	0	0	0	0	0.0	0.0	0.0	0.0	0.0	0.0	0.0	5.333932223200925	0.0	sub-AS135M8	1	c	AS135M8	M	PBS	14.0	App-NLGF	647 IBA1, Se tau Gp- 561 A-beta red X Rb, 488 YoPro	Y		
12	R_Pallidum	29289.0	Abeta	81.0	4.195209328463052	5.419975669485251	14.944716533698532	0.0	0	0.0	27.148356279853893	5.419975669485251	0.0	0	0	0	0	0.0	0.0	0.0	0.0	0.0	0.0	0.0	5.419975669485251	0.0	sub-AS135M8	1	c	AS135M8	M	PBS	14.0	App-NLGF	647 IBA1, Se tau Gp- 561 A-beta red X Rb, 488 YoPro	Y		
13	L_Thalamus	7787.0	Abeta	16.0	1.836834584366736	11.589785708249176	1.3805259564559331	1404.0	Iba1	6.0	25.0961516351034	11.589785708249176	0.517697233670975	0	0	0	0	0.0	0.0	0.0	0.0	0.0	0.0	0.0	11.589785708249176	0.0	sub-AS135M8	1	c	AS135M8	M	PBS	14.0	App-NLGF	647 IBA1, Se tau Gp- 561 A-beta red X Rb, 488 YoPro	Y		
14	R_Thalamus	50740.0	Abeta	113.0	3.7516246425786326	11.717137623214253	9.64399357878343	3649.0	Iba1	11.0	24.25316805302833	11.717137623214256	0.9387958351028116	0	0	0	0	0.0	0.0	0.0	0.0	0.0	0.0	0.0	11.717137623214253	0.0	sub-AS135M8	1	c	AS135M8	M	PBS	14.0	App-NLGF	647 IBA1, Se tau Gp- 561 A-beta red X Rb, 488 YoPro	Y		
15	L_Hypothalamus	40778.0	Abeta	98.0	3.716986155484558	8.579978342759176	11.421940252646936	3067331.0	Iba1	7.0	23.388045793397232	8.579978342759176	0.815852875189067	0	0	0	0	0.0	0.0	0.0	0.0	0.0	0.0	0.0	8.579978342759176	0.0	sub-AS135M8	1	c	AS135M8	M	PBS	14.0	App-NLGF	647 IBA1, Se tau Gp- 561 A-beta red X Rb, 488 YoPro	Y		
16	R_Hypothalamus	46119.0	Abeta	118.0	3.703049656029661	8.882462936002083	13.284603701719552	1639.0	Iba1	3.0	25.41608623904332	8.882462936002083	0.3377441619081242	0	0	0	0	0.0	0.0	0.0	0.0	0.0	0.0	0.0	8.882462936002083	0.0	sub-AS135M8	1	c	AS135M8	M	PBS	14.0	App-NLGF	647 IBA1, Se tau Gp- 561 A-beta red X Rb, 488 YoPro	Y		
17	L_Midbrain	485473.0	Abeta	280.0	5.565498020988416	20.96947316127484	13.352743669167957	4454625.0	Iba1	1.0	25.039861650749845	20.96947316127484	0.0476883702470284	0	0	0	0	0.0	0.0	0.0	0.0	0.0	0.0	0.0	20.96947316127484	0.0	sub-AS135M8	1	c	AS135M8	M	PBS	14.0	App-NLGF	647 IBA1, Se tau Gp- 561 A-beta red X Rb, 488 YoPro	Y		
18	R_Midbrain	136656.0	Abeta	331.0	5.855386194145384	21.51828567374766	15.382266274298074	0.0	0	0.0	25.387521121029025	21.51828567374766	0.0	0	0	0	0	0.0	0.0	0.0	0.0	0.0	0.0	0.0	21.51828567374766	0.0	sub-AS135M8	1	c	AS135M8	M	PBS	14.0	App-NLGF	647 IBA1, Se tau Gp- 561 A-beta red X Rb, 488 YoPro	Y		
19	L_Pons	55119.0	Abeta	129.0	3.366292356185973	9.662755162372552	13.350229601422074	3392349.0	Iba1	2.0	29.176063829787235	9.662755162372552	0.2069803038980166	0	0	0	0	0.0	0.0	0.0	0.0	0.0	0.0	0.0	9.662755162372552	0.0	sub-AS135M8	1	c	AS135M8	M	PBS	14.0	App-NLGF	647 IBA1, Se tau Gp- 561 A-beta red X Rb, 488 YoPro	Y		
20	R_Pons	37493.0	Abeta	83.0	2.604909790002958	9.654188890065486	8.597304335469346	681.0	Iba1	2.0	28.2059548457064	9.654188890065486	0.2071639598908276	0	0	0	0	0.0	0.0	0.0	0.0	0.0	0.0	0.0	9.654188890065486	0.0	sub-AS135M8	1	c	AS135M8	M	PBS	14.0	App-NLGF	647 IBA1, Se tau Gp- 561 A-beta red X Rb, 488 YoPro	Y		
21	L_Medulla	209399.0	Abeta	261.0	4.609845543187506	17.64880529184169	14.78853642975196	2551180.0	Iba1	2.0	27.43025714039176	17.64880529184169	0.1133221182356472	0	0	0	0	0.0	0.0	0.0	0.0	0.0	0.0	0.0	17.64880529184169	0.0	sub-AS135M8	1	c	AS135M8	M	PBS	14.0	App-NLGF	647 IBA1, Se tau Gp- 561 A-beta red X Rb, 488 YoPro	Y		
22	R_Medulla	147049.0	Abeta	253.0	4.042611184778262	18.088540603604507	13.986755788887946	1181973.0	Iba1	7.0	26.60896423986024	18.088540603604507	0.3869853380324728	0	0	0	0	0.0	0.0	0.0	0.0	0.0	0.0	0.0	18.088540603604507	0.0	sub-AS135M8	1	c	AS135M8	M	PBS	14.0	App-NLGF	647 IBA1, Se tau Gp- 561 A-beta red X Rb, 488 YoPro	Y		
23	L_Cerebellum	1017821.0	Abeta	271.0	7.735449050884424	30.89740204195285	8.770963967521705	1632.0	Iba1	3.0	25.088842886099968	30.897402041952848	0.097095542075886	0	0	0	0	0.0	0.0	0.0	0.0	0.0	0.0	0.0	30.89740204195285	0.0	sub-AS135M8	1	c	AS135M8	M	PBS	14.0	App-NLGF	647 IBA1, Se tau Gp- 561 A-beta red X Rb, 488 YoPro	Y		
24	R_Cerebellum	943086.0	Abeta	278.0	7.90483061786123	31.26575175115677	8.89151817658485	1928573.0	Iba1	8.0	24.728714595358127	31.26575175115677	0.2558710266643122	0	0	0	0	0.0	0.0	0.0	0.0	0.0	0.0	0.0	31.26575175115677	0.0	sub-AS135M8	1	c	AS135M8	M	PBS	14.0	App-NLGF	647 IBA1, Se tau Gp- 561 A-beta red X Rb, 488 YoPro	Y		
0	Unknown_Label_0	10835978.0	Abeta	31.0	0.0			7920465.0	Iba1	40.0	0.0			Abeta_0	Iba1_86	Abeta	Iba1	0.1057873601148919	0.1118812155460926	1402483.536585366	1703560.3902439023	0.0541980571409743	0.7523476442354949	41.0			sub-C57BL6	3	I	C57BL6	M			WT	647 IBA1, Se tau Gp- 561 A-beta red X Rb, 488 CD31 goat	Y		
1	L_Isocortex	296365.0	Abeta	6.0	21.75634932398977	60.3874852480896	0.0993583351807122	4200747.0	Iba1	3.0	28.62431681494634	60.3874852480896	0.0496791675903561	0	0	0	0	0.0	0.0	0.0	0.0	0.0	0.0	0.0	60.3874852480896	0.0	sub-C57BL6	3	I	C57BL6	M			WT	647 IBA1, Se tau Gp- 561 A-beta red X Rb, 488 CD31 goat	Y		
2	R_Isocortex	1412525.0	Abeta	3.0	23.00514236860421	59.92279179750336	0.0500644230685692	4423110.0	Iba1	3.0	30.883781833899587	59.92279179750336	0.0500644230685692	0	0	0	0	0.0	0.0	0.0	0.0	0.0	0.0	0.0	59.92279179750336	0.0	sub-C57BL6	3	I	C57BL6	M			WT	647 IBA1, Se tau Gp- 561 A-beta red X Rb, 488 CD31 goat	Y		
3	L_Olfactory areas	5263788.0	Abeta	9.0	24.87209940017138	22.2252974112358	0.4049439624349023	1446160.0	Iba1	4.0	30.5509940017138	22.2252974112358	0.1799750944155121	0	0	0	0	0.0	0.0	0.0	0.0	0.0	0.0	0.0	22.2252974112358	0.0	sub-C57BL6	3	I	C57BL6	M			WT	647 IBA1, Se tau Gp- 561 A-beta red X Rb, 488 CD31 goat	Y		
4	R_Olfactory areas	2458086.0	Abeta	4.0	25.267485024888213	22.57381749917548	0.1771964356558699	387164.0	Iba1	3.0	31.00804859529233	22.57381749917548	0.1328973267419025	0	0	0	0	0.0	0.0	0.0	0.0	0.0	0.0	0.0	22.57381749917548	0.0	sub-C57BL6	3	I	C57BL6	M			WT	647 IBA1, Se tau Gp- 561 A-beta red X Rb, 488 CD31 goat	Y		
5	L_Hippocampal formation	4579386.0	Abeta	2.0	29.463307173344347	20.74837212054056	0.0963931044026356	3781520.0	Iba1	1.0	32.69802193767497	20.74837212054056	0.0481965522013178	0	0	0	0	0.0	0.0	0.0	0.0	0.0	0.0	0.0	20.74837212054056	0.0	sub-C57BL6	3	I	C57BL6	M			WT	647 IBA1, Se tau Gp- 561 A-beta red X Rb, 488 CD31 goat	Y		
6	R_Hippocampal formation	5227422.0	Abeta	2.0	28.367011312715785	20.74056374698563	0.0964293943211005	6187758.0	Iba1	3.0	32.8260669947844	20.74056374698563	0.1446440914816508	0	0	0	0	0.0	0.0	0.0	0.0	0.0	0.0	0.0	20.74056374698563	0.0	sub-C57BL6	3	I	C57BL6	M			WT	647 IBA1, Se tau Gp- 561 A-beta red X Rb, 488 CD31 goat	Y		
7	L_Cortical subplate	296.0	Abeta	1.0	21.96894711305192	4.317649679606912	0.2316074888435696	2825713.0	Iba1	2.0	30.629041506770765	4.317649679606912	0.4632149776871392	0	0	0	0	0.0	0.0	0.0	0.0	0.0	0.0	0.0	4.317649679606912	0.0	sub-C57BL6	3	I	C57BL6	M			WT	647 IBA1, Se tau Gp- 561 A-beta red X Rb, 488 CD31 goat	Y		
8	R_Cortical subplate	2272844.0	Abeta	2.0	26.88215193200736	4.347169140607268	0.4600695154273694	2555653.0	Iba1	1.0	34.05357925173048	4.347169140607268	0.2300347577136847	0	0	0	0	0.0	0.0	0.0	0.0	0.0	0.0	0.0	4.347169140607268	0.0	sub-C57BL6	3	I	C57BL6	M			WT	647 IBA1, Se tau Gp- 561 A-beta red X Rb, 488 CD31 goat	Y		
9	L_Striatum	4555681.0	Abeta	3.0	25.291676514097144	21.757366342346284	0.137884335484167	8851894.0	Iba1	2.0	34.35251175126704	21.75736634234628	0.091922890322778	0	0	0	0	0.0	0.0	0.0	0.0	0.0	0.0	0.0	21.75736634234628	0.0	sub-C57BL6	3	I	C57BL6	M			WT	647 IBA1, Se tau Gp- 561 A-beta red X Rb, 488 CD31 goat	Y		
10	R_Striatum	6247890.0	Abeta	3.0	25.907819917575253	21.904201854806114	0.1369600234642539	8385391.0	Iba1	2.0	35.29658128575652	21.904201854806114	0.0913066823095026	0	0	0	0	0.0	0.0	0.0	0.0	0.0	0.0	0.0	21.904201854806114	0.0	sub-C57BL6	3	I	C57BL6	M			WT	647 IBA1, Se tau Gp- 561 A-beta red X Rb, 488 CD31 goat	Y		
11	L_Pallidum	0.0	0	0.0	30.998354430379745	4.51362081102218	0.0	0.0	0	0.0	36.29603375527426	4.51362081102218	0.0	0	0	0	0	0.0	0.0	0.0	0.0	0.0	0.0	0.0	4.51362081102218	0.0	sub-C57BL6	3	I	C57BL6	M			WT	647 IBA1, Se tau Gp- 561 A-beta red X Rb, 488 CD31 goat	Y		
12	R_Pallidum	655.0	Abeta	1.0	30.267585748691967	4.586371998777896	0.2180372634985701	0.0	0	0.0	35.907025994518726	4.586371998777896	0.0	0	0	0	0	0.0	0.0	0.0	0.0	0.0	0.0	0.0	4.586371998777896	0.0	sub-C57BL6	3	I	C57BL6	M			WT	647 IBA1, Se tau Gp- 561 A-beta red X Rb, 488 CD31 goat	Y		
13	L_Thalamus	315.0	Abeta	1.0	24.64263182490848	9.780654446027638	0.1022426470046843	0.0	0	0.0	32.700035049458684	9.780654446027638	0.0	0	0	0	0	0.0	0.0	0.0	0.0	0.0	0.0	0.0	9.780654446027638	0.0	sub-C57BL6	3	I	C57BL6	M			WT	647 IBA1, Se tau Gp- 561 A-beta red X Rb, 488 CD31 goat	Y		
14	R_Thalamus	475.0	Abeta	2.0	22.53831994324392	9.932441610010114	0.2013603581605111	0.0	0	0.0	33.616282860046404	9.932441610010114	0.0	0	0	0	0	0.0	0.0	0.0	0.0	0.0	0.0	0.0	9.932441610010114	0.0	sub-C57BL6	3	I	C57BL6	M			WT	647 IBA1, Se tau Gp- 561 A-beta red X Rb, 488 CD31 goat	Y		
15	L_Hypothalamus	2563293.0	Abeta	2.0	31.5748642962886	7.332824560623923	0.2727461953391978	3237310.0	Iba1	1.0	34.31875438277537	7.332824560623923	0.1363730976695989	0	0	0	0	0.0	0.0	0.0	0.0	0.0	0.0	0.0	7.332824560623923	0.0	sub-C57BL6	3	I	C57BL6	M			WT	647 IBA1, Se tau Gp- 561 A-beta red X Rb, 488 CD31 goat	Y		
16	R_Hypothalamus	397.0	Abeta	1.0	26.90245340579896	7.428810420908952	0.1346110539024423	0.0	0	0.0	32.5399800035891	7.428810420908952	0.0	0	0	0	0	0.0	0.0	0.0	0.0	0.0	0.0	0.0	7.428810420908952	0.0	sub-C57BL6	3	I	C57BL6	M			WT	647 IBA1, Se tau Gp- 561 A-beta red X Rb, 488 CD31 goat	Y		
17	L_Midbrain	4361082.0	Abeta	4.0	22.34966357832284	17.71891362936209	0.2257474743469364	5903734.0	Iba1	1.0	30.96748640340506	17.71891362936209	0.0564368685867341	0	0	0	0	0.0	0.0	0.0	0.0	0.0	0.0	0.0	17.71891362936209	0.0	sub-C57BL6	3	I	C57BL6	M			WT	647 IBA1, Se tau Gp- 561 A-beta red X Rb, 488 CD31 goat	Y		
18	R_Midbrain	420.0	Abeta	2.0	25.10064577598984	17.98973087802342	0.1111745369378058	0.0	0	0.0	32.704562777895404	17.98973087802342	0.0	0	0	0	0	0.0	0.0	0.0	0.0	0.0	0.0	0.0	17.98973087802342	0.0	sub-C57BL6	3	I	C57BL6	M			WT	647 IBA1, Se tau Gp- 561 A-beta red X Rb, 488 CD31 goat	Y		
19	L_Pons	0.0	0	0.0	25.953263744568297	8.064335849026294	0.0	0.0	0	0.0	32.549877196297	8.064335849026294	0.0	0	0	0	0	0.0	0.0	0.0	0.0	0.0	0.0	0.0	8.064335849026294	0.0	sub-C57BL6	3	I	C57BL6	M			WT	647 IBA1, Se tau Gp- 561 A-beta red X Rb, 488 CD31 goat	Y		
20	R_Pons	0.0	0	0.0	28.660598179453835	8.201458506576335	0.0	0.0	0	0.0	34.624791008731194	8.201458506576335	0.0	0	0	0	0	0.0	0.0	0.0	0.0	0.0	0.0	0.0	8.201458506576335	0.0	sub-C57BL6	3	I	C57BL6	M			WT	647 IBA1, Se tau Gp- 561 A-beta red X Rb, 488 CD31 goat	Y		
21	L_Medulla	2163658.0	Abeta	4.0	29.952878233005265	13.313086463025082	0.3004562474005817	2621822.0	Iba1	3.0	32.073043030441745	13.313086463025082	0.2253421855504363	0	0	0	0	0.0	0.0	0.0	0.0	0.0	0.0	0.0	13.313086463025082	0.0	sub-C57BL6	3	I	C57BL6	M			WT	647 IBA1, Se tau Gp- 561 A-beta red X Rb, 488 CD31 goat	Y		
22	R_Medulla	1362947.0	Abeta	2.0	30.114399553046344	12.953520383227197	0.1543981821798567	1324159.0	Iba1	2.0	33.85299047282992	12.953520383227197	0.1543981821798567	0	0	0	0	0.0	0.0	0.0	0.0	0.0	0.0	0.0	12.953520383227197	0.0	sub-C57BL6	3	I	C57BL6	M			WT	647 IBA1, Se tau Gp- 561 A-beta red X Rb, 488 CD31 goat	Y		
23	L_Cerebellum	4090265.0	Abeta	1.0	28.25584409712279	25.27208668274351	0.0395693482914027	6003684.0	Iba1	2.0	28.709332469215813	25.27208668274351	0.0791386965828055	0	0	0	0	0.0	0.0	0.0	0.0	0.0	0.0	0.0	25.27208668274351	0.0	sub-C57BL6	3	I	C57BL6	M			WT	647 IBA1, Se tau Gp- 561 A-beta red X Rb, 488 CD31 goat	Y		
24	R_Cerebellum	0.0	0	0.0	28.868941282102885	24.604756415999976	0.0	0.0	0	0.0	29.39101661067852	24.604756415999976	0.0	0	0	0	0	0.0	0.0	0.0	0.0	0.0	0.0	0.0	24.604756415999976	0.0	sub-C57BL6	3	I	C57BL6	M			WT	647 IBA1, Se tau Gp- 561 A-beta red X Rb, 488 CD31 goat	Y		
